variable,pregunta_codigo,pregunta_nombre,enunciado_pregunta,numero_seccion,seccion,tipo_variable,titulo_variable,enunciado_subvariable,etiqueta_corta,en_cubo,unidad_medida
encuestado_id,R1,,ID,99,Registro / Técnico,category,Encuestado ID,,,0,
ID,R1,,ID,99,Registro / Técnico,category,,,,0,
Sector,U1,,Sector,2,Ubicación / Hogar,category,,,,0,
Seccion,U2,,Seccion,2,Ubicación / Hogar,category,,,,0,
Manzana,U3,,Manzana,2,Ubicación / Hogar,category,,,,0,
V1,V1,Localidad,Localidad,1,Sociodemográfico / Identificación,category,Localidad,,,1,
V2,V2,Estrato,Estrato,1,Sociodemográfico / Identificación,category,Estrato,,,1,
P2,2,Formas de relacionarse en la diversidad,"Frente a personas de origen social, costumbres, creencias y opiniones distintas a las suyas o de las de su hogar, usted normalmente",3,Inclusión e Identidad,category,,,,1,
P3,3,Sobre castigos físicos a niñas y niños,"Diga por favor si está en desacuerdo o de acuerdo con la siguiente afirmación: ""Para educar a los niños y a las niñas está bien que los padres recurran a castigos físicos como palmadas""",3,Inclusión e Identidad,category,,,,1,
P7,7,Presenciar hechos violentos de discriminación,"Ahora voy a leerle una situación. Dígame si la presenció durante el último mes. Hechos violentos de discriminación en el espacio público, hacia personas por su condición étnica, identidad de género, orientación sexual, condición de discapacidad o nivel socioeconómico",3,Inclusión e Identidad,category,,,,1,
P8,8,Sentir discriminación,¿Usted se ha sentido discriminado(a) en Bogotá durante los últimos dos años?,3,Inclusión e Identidad,category,,,,1,
P9,9,Motivo para sentir discriminación,¿Cuál fue la principal razón por la que se sintió discriminado(a)?,3,Inclusión e Identidad,category,,,,1,
P10.1,10,Sobre la mujer,Dígame por favor si está en desacuerdo o de acuerdo con las siguientes afirmaciones.,4,Equidad de género,category,,Las mujeres por naturaleza cuidan mejor a los(as) niños(as) que los hombres,,1,
P10.2,10,Sobre la mujer,Dígame por favor si está en desacuerdo o de acuerdo con las siguientes afirmaciones.,4,Equidad de género,category,,Las mujeres por naturaleza hacen mejor los oficios del hogar que los hombres,,1,
P10.3,10,Sobre la mujer,Dígame por favor si está en desacuerdo o de acuerdo con las siguientes afirmaciones.,4,Equidad de género,category,,Toda familia necesita un hombre que la proteja,,1,
P10.4,10,Sobre la mujer,Dígame por favor si está en desacuerdo o de acuerdo con las siguientes afirmaciones.,4,Equidad de género,category,,El rol de todo hombre es el de proteger y proveer a su familia,,1,
P10.5,10,Sobre la mujer,Dígame por favor si está en desacuerdo o de acuerdo con las siguientes afirmaciones.,4,Equidad de género,category,,La mujer es la principal responsable de prevenir un embarazo,,1,
P10.6,10,Sobre la mujer,Dígame por favor si está en desacuerdo o de acuerdo con las siguientes afirmaciones.,4,Equidad de género,category,,"Los hombres pueden ayudar en la casa con el trabajo doméstico, pero no es su responsabilidad.",,1,
P10.7,10,Sobre la mujer,Dígame por favor si está en desacuerdo o de acuerdo con las siguientes afirmaciones.,4,Equidad de género,category,,"Aunque las mujeres practiquen deportes profesionalmente, nunca tendrán el nivel de los hombres",,1,
P10.8,10,Sobre la mujer,Dígame por favor si está en desacuerdo o de acuerdo con las siguientes afirmaciones.,4,Equidad de género,category,,La mujer que se deja maltratar por su pareja es porque le gusta que la maltraten,,1,
P10.9,10,Sobre la mujer,Dígame por favor si está en desacuerdo o de acuerdo con las siguientes afirmaciones.,4,Equidad de género,category,,Lo más grave de que un hombre maltrate a su pareja es que lo haga en público,,1,
P10.10,10,Sobre la mujer,Dígame por favor si está en desacuerdo o de acuerdo con las siguientes afirmaciones.,4,Equidad de género,category,,"En su opinión, una mujer que se viste con minifalda o ropa muy ajustada provoca que le falten al respeto en la calle",,1,
P10.11,10,Sobre la mujer,Dígame por favor si está en desacuerdo o de acuerdo con las siguientes afirmaciones.,4,Equidad de género,category,,El deber de todo hombre es defender su hombría,,1,
P11.1,11,Situaciones presenciadas,Ahora voy a leerle una lista de situaciones. Dígame si las presenció durante el último mes.,4,Equidad de género,category,,"Acoso hacia las mujeres en el espacio público (calle, transporte)",,1,
P11.2,11,Situaciones presenciadas,Ahora voy a leerle una lista de situaciones. Dígame si las presenció durante el último mes.,4,Equidad de género,category,,Hechos violentos hacia las mujeres que afecten su integridad física y moral,,1,
P11.3,11,Situaciones presenciadas,Ahora voy a leerle una lista de situaciones. Dígame si las presenció durante el último mes.,4,Equidad de género,category,,Acoso o agresión a una mujer en redes sociales,,1,
P11.4,11,Situaciones presenciadas,Ahora voy a leerle una lista de situaciones. Dígame si las presenció durante el último mes.,4,Equidad de género,category,,"Acoso sexual en el espacio público (calle, transporte público)",,1,
P12.1,12,Sobre relaciones de pareja,Dígame por favor si está en desacuerdo o de acuerdo con las siguientes afirmaciones.,4,Equidad de género,category,,Si me celan en una relación de pareja es porque me quieren,,1,
P12.2,12,Sobre relaciones de pareja,Dígame por favor si está en desacuerdo o de acuerdo con las siguientes afirmaciones.,4,Equidad de género,category,,Es entendible que no me guste que mi pareja salga con amigos y amigas.,,1,
P12.3,12,Sobre relaciones de pareja,Dígame por favor si está en desacuerdo o de acuerdo con las siguientes afirmaciones.,4,Equidad de género,category,,"Un hombre de verdad debe imponerse, así le toque usar la fuerza",,1,
P12.4,12,Sobre relaciones de pareja,Dígame por favor si está en desacuerdo o de acuerdo con las siguientes afirmaciones.,4,Equidad de género,category,,Las personas infieles merecen un castigo.,,1,
P12.5,12,Sobre relaciones de pareja,Dígame por favor si está en desacuerdo o de acuerdo con las siguientes afirmaciones.,4,Equidad de género,category,,"Cuando hay violencia en una relación de pareja, uno no tiene porqué meterse.",,1,
P12.6,12,Sobre relaciones de pareja,Dígame por favor si está en desacuerdo o de acuerdo con las siguientes afirmaciones.,4,Equidad de género,category,,Hoy en día las mujeres han descuidado sus deberes en el hogar y con sus parejas.,,1,
P37,37,Proporción de personas para confiar,¿En cuantas personas cree que podría confiar?,6,Cultura Política y Ciudadana,category,Proporción personas en las que confiar,,,1,
P51.1,51,Confianza en personas cercanas,Por lo general usted confía en,7,Convivencia y Cultura de Paz,category,,Los vecinos,,1,
P51.2,51,Confianza en personas cercanas,Por lo general usted confía en,7,Convivencia y Cultura de Paz,category,,Los amigos,,1,
P51.3,51,Confianza en personas cercanas,Por lo general usted confía en,7,Convivencia y Cultura de Paz,category,,Los parientes (familiares),,1,
P51.4,51,Confianza en personas cercanas,Por lo general usted confía en,7,Convivencia y Cultura de Paz,category,,Los compañeros de estudio o trabajo,,1,
P53.2,53,Situaciones de conflicto entre vecinos,Dígame si en su barrio se presentan las siguientes situaciones entre vecinos…,7,Convivencia y Cultura de Paz,category,,Borrachos(as) que forman problemas,,1,
P53.6,53,Situaciones de conflicto entre vecinos,Dígame si en su barrio se presentan las siguientes situaciones entre vecinos…,7,Convivencia y Cultura de Paz,category,,"Familias conflictivas que se pelean mucho entre ellos (gritos, insultos, portazos, golpes)",,1,
P53.10,53,Situaciones de conflicto entre vecinos,Dígame si en su barrio se presentan las siguientes situaciones entre vecinos…,7,Convivencia y Cultura de Paz,category,,Peleas en su barrio,,1,
P53.11,53,Situaciones de conflicto entre vecinos,Dígame si en su barrio se presentan las siguientes situaciones entre vecinos…,7,Convivencia y Cultura de Paz,category,,Personas que andan armadas,,1,
P53.12,53,Situaciones de conflicto entre vecinos,Dígame si en su barrio se presentan las siguientes situaciones entre vecinos…,7,Convivencia y Cultura de Paz,category,,Venta de drogas o sustancias psicoactivas,,1,
P53.13,53,Situaciones de conflicto entre vecinos,Dígame si en su barrio se presentan las siguientes situaciones entre vecinos…,7,Convivencia y Cultura de Paz,category,,Consumo de sustancias psicoactivas o drogas,,1,
P54,54,Actitud ante inseguridad y armas,"Dígame por favor si está en desacuerdo o de acuerdo con la siguiente afirmación: ""Pensando en la inseguridad de la ciudad, lo mejor es tener un arma para protegerse"".",7,Convivencia y Cultura de Paz,category,,,,1,
P63,63,Emoción en el Espacio Público,"¿Principalmente, qué emoción le genera el estar en el espacio público de Bogotá?",8,Espacio Público,category,,,,1,
P65.5,65,Situaciones presenciadas en el espacio público,Ahora voy a leerle una lista de situaciones. Díga si las presenció durante la semana pasada.,8,Espacio Público,category,,Venta de sustancias psicoactivas,,1,
P65.6,65,Situaciones presenciadas en el espacio público,Ahora voy a leerle una lista de situaciones. Díga si las presenció durante la semana pasada.,8,Espacio Público,category,,Consumo de sustancias psicoactivas,,1,
P66.1,66,Calificación aspectos de su barrio,Cómo califica los siguientes aspectos del barrio donde vive?,8,Espacio Público,category,,El alumbrado público.,,1,
P66.8,66,Calificación aspectos de su barrio,Cómo califica los siguientes aspectos del barrio donde vive?,8,Espacio Público,category,,La seguridad en la zona,,1,
P72.10,72,Situaciones en el parque más cercano,"Ahora piense en el parque más cercano a su casa. ¿En ese parque, se presentan las siguientes situaciones",8,Espacio Público,category,,Venta de sustancias psicoactivas,,1,
P72.11,72,Situaciones en el parque más cercano,"Ahora piense en el parque más cercano a su casa. ¿En ese parque, se presentan las siguientes situaciones",8,Espacio Público,category,,Consumo de sustancias psicoactivas,,1,
P72.12,72,Situaciones en el parque más cercano,"Ahora piense en el parque más cercano a su casa. ¿En ese parque, se presentan las siguientes situaciones",8,Espacio Público,category,,Casos de acoso o abuso sexual,,1,
P72.13,72,Situaciones en el parque más cercano,"Ahora piense en el parque más cercano a su casa. ¿En ese parque, se presentan las siguientes situaciones",8,Espacio Público,category,,Atracos o robos,,1,
P72.14,72,Situaciones en el parque más cercano,"Ahora piense en el parque más cercano a su casa. ¿En ese parque, se presentan las siguientes situaciones",8,Espacio Público,category,,Peleas o riñas,,1,
P73,73,Inseguridad por situaciones en el barrio,¿Usted considera que su barrio o las zonas cercanas a su vivienda son inseguros debido a dichas situaciones?,8,Espacio Público,category,,,,1,
P74,74,Calificación de seguridad en la ciudad,"¿De 1 a 5, donde 1 es muy insegura y 5 es muy segura qué calificación le da a esta ciudad en seguridad?",8,Espacio Público,number,,,,1,de 1 a 5
P75,75,Razón principal de inseguridad,¿Cuál es la razón principal por la que considera que esta ciudad es insegura?,8,Espacio Público,category,,,,1,
P75.1,75,Razón principal de inseguridad,¿Cuál es la razón principal por la que considera que esta ciudad es insegura?,8,Espacio Público,category,,,,0,
P77,77,Percepción de seguridad vs año anterior,"En términos generales, cree usted que respecto al año pasado esta ciudad es: (actualmente)",8,Espacio Público,category,,,,1,
D1,D1,Sexo,Sexo,1,Sociodemográfico / Identificación,category,Sexo,,,1,
D2,D2,Género,Género,1,Sociodemográfico / Identificación,category,,,,1,
D3,D3,Edad,Edad,1,Sociodemográfico / Identificación,number,Edad,Edad,,1,años
D3_1,D3.1,Grupo de edad,Grupo de edad,1,Sociodemográfico / Identificación,category,Grupo de edad,Grupo de edad,,1,
D4,D4,Lugar de nacimiento,Por favor dígame su lugar de nacimiento,1,Sociodemográfico / Identificación,category,,,,1,
D5,D5,Años viviendo en Bogotá,¿Desde hace cuántos años usted habita en esta ciudad?,1,Sociodemográfico / Identificación,number,Años viviendo en Bogotá,Años viviendo en Bogotá,,1,años
D7,D7,Estado civil,¿Cuál es su estado civil?,1,Sociodemográfico / Identificación,category,,,,1,
D8,D8,Actividad de la persona encuestada,Usted actualmente se dedica a:,1,Sociodemográfico / Identificación,category,,Actividad principal,,1,
D8.1,D8,Actividad de la persona encuestada,Usted actualmente se dedica a:,1,Sociodemográfico / Identificación,category,,,,0,
D9,D9,Nivel educativo,¿Cuál fue el nivel educativo más alto alcanzado por usted?,1,Sociodemográfico / Identificación,category,,,,1,
D10,D10,"Grupo étnico, racial o cultural","¿Con cuál de los siguientes grupos étnicos, raciales y/o culturales se identifica usted?",1,Sociodemográfico / Identificación,category,,,,1,
D11.1,D11,Limitaciones permanentes,¿Usted tiene alguna limitación permanente para...?,1,Sociodemográfico / Identificación,category,,Moverse o caminar,,1,
D11.2,D11,Limitaciones permanentes,¿Usted tiene alguna limitación permanente para...?,1,Sociodemográfico / Identificación,category,,Usar sus brazos o manos,,1,
D11.3,D11,Limitaciones permanentes,¿Usted tiene alguna limitación permanente para...?,1,Sociodemográfico / Identificación,category,,"Ver, a pesar de usar lentes o gafas",,1,
D11.4,D11,Limitaciones permanentes,¿Usted tiene alguna limitación permanente para...?,1,Sociodemográfico / Identificación,category,,"Oír, aún con aparatos especiales",,1,
D11.5,D11,Limitaciones permanentes,¿Usted tiene alguna limitación permanente para...?,1,Sociodemográfico / Identificación,category,,Hablar,,1,
D11.6,D11,Limitaciones permanentes,¿Usted tiene alguna limitación permanente para...?,1,Sociodemográfico / Identificación,category,,Entender o aprender,,1,
D11.7,D11,Limitaciones permanentes,¿Usted tiene alguna limitación permanente para...?,1,Sociodemográfico / Identificación,category,,Relacionarse con otras personas por problemas mentales o emocionales,,1,
D11.8,D11,Limitaciones permanentes,¿Usted tiene alguna limitación permanente para...?,1,Sociodemográfico / Identificación,category,,"Bañarse, vestirse, alimentarse sin ayuda de alguien más",,1,
D11.9,D11,Limitaciones permanentes,¿Usted tiene alguna limitación permanente para...?,1,Sociodemográfico / Identificación,category,,Otra,,1,
D11.11,D11,Limitaciones permanentes,¿Usted tiene alguna limitación permanente para...?,1,Sociodemográfico / Identificación,category,,Ninguna de las anteriores,,1,
D12,D12,Sobre sexualidad,"Por último, ¿estaría dispuesto(a) a responder una pregunta sobre su sexualidad? Si NO está dispuesto(a), termine la encuesta.",1,Sociodemográfico / Identificación,category,,"Por último, ¿estaría dispuesto(a) a responder una pregunta sobre su sexualidad? Si NO está dispuesto(a), termine la encuesta. Si dice estar dispuesto(a) a responder, por favor pásele el formulario al/la encuestado(a) y que sea él/ella quien marque las opciones libremente.",,1,
D12.1,D12,Sobre sexualidad,"Por último, ¿estaría dispuesto(a) a responder una pregunta sobre su sexualidad? Si NO está dispuesto(a), termine la encuesta.",1,Sociodemográfico / Identificación,category,,Hombre,,1,
D12.2,D12,Sobre sexualidad,"Por último, ¿estaría dispuesto(a) a responder una pregunta sobre su sexualidad? Si NO está dispuesto(a), termine la encuesta.",1,Sociodemográfico / Identificación,category,,Mujer,,1,
D12.3,D12,Sobre sexualidad,"Por último, ¿estaría dispuesto(a) a responder una pregunta sobre su sexualidad? Si NO está dispuesto(a), termine la encuesta.",1,Sociodemográfico / Identificación,category,,Intersexual,,1,
D12.4,D12,Sobre sexualidad,"Por último, ¿estaría dispuesto(a) a responder una pregunta sobre su sexualidad? Si NO está dispuesto(a), termine la encuesta.",1,Sociodemográfico / Identificación,category,,De identidad femenina,,1,
D12.5,D12,Sobre sexualidad,"Por último, ¿estaría dispuesto(a) a responder una pregunta sobre su sexualidad? Si NO está dispuesto(a), termine la encuesta.",1,Sociodemográfico / Identificación,category,,De identidad masculina,,1,
D12.6,D12,Sobre sexualidad,"Por último, ¿estaría dispuesto(a) a responder una pregunta sobre su sexualidad? Si NO está dispuesto(a), termine la encuesta.",1,Sociodemográfico / Identificación,category,,De identidad transgénero,,1,
D12.7,D12,Sobre sexualidad,"Por último, ¿estaría dispuesto(a) a responder una pregunta sobre su sexualidad? Si NO está dispuesto(a), termine la encuesta.",1,Sociodemográfico / Identificación,category,,Lesbiana,,1,
D12.8,D12,Sobre sexualidad,"Por último, ¿estaría dispuesto(a) a responder una pregunta sobre su sexualidad? Si NO está dispuesto(a), termine la encuesta.",1,Sociodemográfico / Identificación,category,,Gay,,1,
D12.9,D12,Sobre sexualidad,"Por último, ¿estaría dispuesto(a) a responder una pregunta sobre su sexualidad? Si NO está dispuesto(a), termine la encuesta.",1,Sociodemográfico / Identificación,category,,Bisexual,,1,
D12.10,D12,Sobre sexualidad,"Por último, ¿estaría dispuesto(a) a responder una pregunta sobre su sexualidad? Si NO está dispuesto(a), termine la encuesta.",1,Sociodemográfico / Identificación,category,,Heterosexual,,1,
D12.11,D12,Sobre sexualidad,"Por último, ¿estaría dispuesto(a) a responder una pregunta sobre su sexualidad? Si NO está dispuesto(a), termine la encuesta.",1,Sociodemográfico / Identificación,category,,Ninguno,,1,
D13,D13,Tenencia de hijos,¿Usted tiene hijos?,1,Sociodemográfico / Identificación,category,,¿Usted tiene hijos?,,1,
D14,D14,Nivel de ingreso,Su nivel de ingreso se encuentra entre:,1,Sociodemográfico / Identificación,category,,Su nivel de ingreso se encuentra entre:,,1,COP/mes
FACTOR,R3,Factor,Factor,1,Sociodemográfico / Identificación,number,Factor de expansión,,,1,personas
