num_seccion;indice_pregunta;nombre;descripcion;rol;codigo;etiqueta_1;enunciado_1;instruccion;palabras_clave;cantidad_variables;indice_pregunta_bis;num_seccion_bis;dataviz_display;dataviz_chart_type;dataviz_order_type;dataviz_palette
99;0;;;;;R1;ID;;;1;0;99;0;;;
1;1;;;;;R2;Caracterización del hogar;;;1;1;1;0;;;
2;2;;;;;U1;Sector;;;1;2;2;0;;;
2;3;;;;;U2;Seccion;;;1;3;2;0;;;
2;4;;;;;U3;Manzana;;;1;4;2;0;;;
2;5;Clase vivienda;Rural o urbana;;;U4;Clase;;;1;5;2;1;donut;answer;category
2;6;;;;;U5;Dirección de la vivienda;;;1;6;2;0;;;
2;7;;;;;U6;CX;;;1;7;2;0;;;
2;8;;;;;U7;CY;;;1;8;2;0;;;
1;9;Hogares en la vivienda;;;;H1;Número de hogares dentro de la vivienda;;;1;9;1;1;bar;answer;main
1;10;Personas en el hogar;;;;H2;Número de personas del hogar;;;1;10;1;1;bar;answer;main
2;11;;;;;H3.P1;Datos Persona 1 - Jefe de Hogar;;;3;11;2;0;;;
2;12;;;;;H3.P2;Datos Persona 2;;;4;12;2;0;;;
2;13;;;;;H3.P3;Datos Persona 3;;;4;13;2;0;;;
2;14;;;;;H3.P4;Datos Persona 4;;;4;14;2;0;;;
2;15;;;;;H3.P5;Datos Persona 5;;;4;15;2;0;;;
2;16;;;;;H3.P6;Datos Persona 6;;;4;16;2;0;;;
2;17;;;;;H3.P7;Datos Persona 7;;;4;17;2;0;;;
2;18;;;;;H3.P8;Datos Persona 8;;;4;18;2;0;;;
2;19;;;;;H3.P9;Datos Persona 9;;;4;19;2;0;;;
99;20;;;;;H7.1;Selección de la persona a encuestar;;;1;20;99;0;;;
1;21;;;;;H7.2;Edad de la persona que va a encuestar;;;1;21;1;0;;;
1;22;Localidad;;;;V1;Localidad;;;1;22;1;1;bar;frecuency;main
1;23;Estrato;;;;V2;Estrato;;;1;23;1;1;bar;answer;main
1;24;Tipo de vivienda;;;;V3;Tipo de vivienda;;;1;24;1;0;;;
1;25;El lugar donde habita es:;;;;V4;El lugar donde habita es:;;;1;25;1;0;;;
3;26;Valores y costumbres;;;;1;Diga por favor si está en desacuerdo o de acuerdo con las siguientes afirmaciones;;;2;26;3;1;bar-multiple;answer;category
3;27;Formas de relacionarse en la diversidad;;;;2;Frente a personas de origen social, costumbres, creencias y opiniones distintas a las suyas o de las de su hogar, usted normalmente;;;1;27;3;1;bar;frecuency;main
3;28;Sobre castigos físicos a niñas y niños;;;;3;"Diga por favor si está en desacuerdo o de acuerdo con la siguiente afirmación: ""Para educar a los niños y a las niñas está bien que los padres recurran a castigos físicos como palmadas""";;;1;28;3;1;donut;frecuency;boolean_desc_2
3;29;Sobre discriminación y respeto la diferencia;;;;4;Dígame por favor su nivel de acuerdo o desacuerdo con las siguientes armaciones relacionadas con discriminación y respeto a la diferencia.;;;11;29;3;1;bar-multiple;answer;scale_asc_4
3;30;No le gustarían estos vecinos;;;;5;Diga a cuáles de las siguientes personas NO le gustaría tener como vecinos(as);;;17;30;3;1;bar-selection;answer;yes_selection
3;31;Sobre población LGBTIQ;;;;6;Usted considera que está bien que a las personas LGBTIQ, se les permita.;;;7;31;3;1;bar-yes-selection;answer;yes_selection
3;32;Presenciar hechos violentos de discriminación;;;;7;Ahora voy a leerle una situación. Dígame si la presenció durante el último mes. Hechos violentos de discriminación en el espacio público, hacia personas por su condición étnica, identidad de género, orientación sexual, condición de discapacidad o nivel socioeconómico;;;1;32;3;1;donut;frecuency;boolean_desc_2
3;33;Sentir discriminación;;;;8;¿Usted se ha sentido discriminado(a) en Bogotá durante los últimos dos años?;;;1;33;3;1;donut;frecuency;boolean_desc_2
3;34;Motivo para sentir discriminación;;;;9;¿Cuál fue la principal razón por la que se sintió discriminado(a)?;;;1;34;3;1;bar;frecuency;main
3;35;Otro motivo para sentir discriminación;;;;9.1;¿Cuál ?;;;1;35;3;0;;;
4;36;Sobre la mujer;;;;10;Dígame por favor si está en desacuerdo o de acuerdo con las siguientes afirmaciones.;;roles, cuidado, proveer, proteger, oficios domésticos, maltrato, hombría, masculinidad, embarazo, planificación, espacio público, agresión, deportes, prácticas deportivas, labores domésticas.;11;36;4;1;bar-selection;answer;yes_selection
4;37;Situaciones presenciadas;;;;11;Ahora voy a leerle una lista de situaciones. Dígame si las presenció durante el último mes.;;;4;37;4;1;bar-yes-selection;answer;yes_selection
4;38;Sobre relaciones de pareja;;;;12;Dígame por favor si está en desacuerdo o de acuerdo con las siguientes afirmaciones.;;;6;38;4;1;bar-selection;answer;yes_selection
4;39;Sobre tener hijos;;;;13;Dígame por favor si está en desacuerdo o de acuerdo con las siguientes afirmaciones;;maternidad, hijos, paternidad, reproducción, planificación, familia, masculinidad;5;39;4;1;bar-selection;answer;yes_selection
6;40;Participación en iniciativas ciudadanas;;;P14;14;Por su propia iniciativa, ¿usted actualmente participa o ha participado en los últimos doce (12) meses en algún proyecto, actividad o campaña orientada al mejoramiento de…;;;8;40;6;1;bar-yes-selection;answer;yes_selection
6;41;Formas de participación;;;;15;¿De las siguientes formas de participación, dígame cuáles conoce;;;12;41;6;1;bar-yes-selection;answer;yes_selection
6;42;Motivación para votar;;;;16;¿Usted en general, se siente mucho, poco o nada motivado para votar por…?;Aplica para mayores de 18 años.;;10;42;6;1;bar-multiple;answer;scale_asc_4
6;43;Votar por;;;;17;En los últimos 5 años, usted ha votado por.;Aplica para mayores de 18 años;;10;43;6;1;bar-yes-selection;answer;yes_selection
6;44;Participación en procesos asociativos;;;;18;¿Usted ha participado en alguno de los siguientes tipos de procesos asociativos/organizaciones sociales?;;;6;44;6;1;bar-yes-selection;answer;yes_selection
6;45;Participación en espacios Distrito;;;;19;¿Usted ha participado en alguno de los siguientes espacios promovidos por el Distrito?;;;15;45;6;1;bar-yes-selection;answer;yes_selection
6;46;Motivo principal de participación;;;;20;¿Cuál es la principal razón por la que participa?;Solo para quienes respondieron Sí en algunas de las opciones de las preguntas 22 y 23.;;2;46;6;1;bar;frecuency;category
6;47;;;;;20.1;Cuál ?;;;0;47;6;0;;;
6;48;Efectividad de la participación;;;;21;¿Qué tan efectivo considera usted resulta participar en espacios promovidos por el Distrito para la solución de los problemas de la ciudad?;;;1;48;6;1;bar;answer;main
6;49;Utilidad de condiciones para la participación;;;;22;Las instituciones públicas distritales ofrecen siete condiciones que permiten facilitar el ejercicio de la participación ciudadana. Para cada una de estas califique si la considera;;;7;49;6;1;bar-multiple;answer;custom_52
6;50;Percepción: El Distrito facilita o no participación incidente;Es decir una participación ciudadana con capacidad de influir, modificar o determinar decisiones públicas, y no se limita únicamente a informar, consultar o escuchar a la ciudadanía.;;;23;¿Qué tanto cree que el Distrito facilita o incentiva la participación incidente?;;;1;50;6;1;bar;answer;main
6;51;Sobre participar en mi comunidad;;;;24;¿Qué tan de acuerdo está con las siguientes afirmaciones?;;;6;51;6;1;bar-selection;answer;yes_selection
6;52;Acuerdo sobre formas de gobernar el país;;;;25;Diga qué tan de acuerdo está con cada una de las siguientes formas para gobernar este país;Siendo 1 nada de acuerdo y 4 totalmente de acuerdo.;;4;52;6;1;bar-multiple;answer;scale_asc_4
6;53;Factores y criterios a la hora de votar;;;;26;A la hora de votar ¿Qué tan importante es para usted...?;Aplica solo para mayores de 18 años.;;7;53;6;1;bar-multiple;answer;scale_asc_4
6;54;Importancia de la política en la vida;;;;27;Dígame por favor, ¿qué tan importante es en su vida...?;;;2;54;6;1;bar-multiple;answer;scale_asc_4
6;55;Confianza en instituciones;;;;28;Dígame que tanto confía en...;;IndicadorI+C, legado;12;55;6;1;bar-multiple;answer;scale_asc_4
6;56;Transparencia de las decisiones;;;;29;En su opinión, ¿qué tan transparentes son las decisiones que toma…;;;4;56;6;1;bar-multiple;answer;scale_asc_4
6;57;Libertar de opinar ante la policía;;;;30;Qué tan libre se siente para expresar su opinión frente a la policía;;;1;57;6;1;bar;answer;main
6;58;Situaciones para desobedecer la ley;;;;31;¿En cuáles de las siguientes situaciones se justifica desobedecer la ley;;;9;58;6;1;bar-yes-selection;answer;yes_selection
6;59;Justificación para evadir impuestos;;;;32;¿Para usted, qué tan justificable es evadir el pago de impuestos?;En una escala de 1 a 4, donde 1 es “para nada justificable” y 4 es “totalmente justificable”;;1;59;6;1;bar;answer;main
6;60;Percepción sobre destino de los impuestos;;;;33;"Diga qué tan de acuerdo está con la afirmación:""Los dineros que se recaudan por los impuestos se invierten totalmente en la ciudad y el bienestar de la gente""";;;1;60;6;1;bar;answer;main
6;61;Percepción sobre corrupción de funcionarios;;;;34;¿Cuántos funcionarios públicos cree usted que son corruptos?;;;1;61;6;1;donut;frecuency;category
6;62;Percepción sobre corrupción de ciudadanos;;;;35;¿Cuántas personas de esta ciudad cree usted que son corruptas?;;;1;62;6;1;donut;frecuency;category
6;63;Percepción sobre honestidad de ciudadanos;;;;36;¿Cuántos personas de esta ciudad cree usted que son honestas ?;;;1;63;6;1;donut;frecuency;category
6;64;Proporción de personas para confiar;;;;37;¿En cuantas personas cree que podría confiar?;;IndicadorI+C, legado;1;64;6;1;donut;frecuency;category
6;65;Proporción de personas que harían trampa;;;;38;¿Cuántas personas de esta ciudad cree usted que harían trampa si se les da la oportunidad?;;;1;65;6;1;donut;frecuency;category
6;66;Conocer servidores públicos con ciertas acciones;;;;39;En el último año, ha conocido (no por noticias ni redes sociales) a algún(a) servidor(a) público(a) en Bogotá que haya cometido alguna de las siguientes acciones:;;;5;66;6;1;bar-yes-selection;answer;yes_selection
6;67;Conocer personas (no servidores públicos) con ciertas acciones;;;;40;En el último año, ha conocido (no por noticias sino en su círculo social) a alguien en Bogotá, diferente a una o un servidor(a) público, que haya cometido alguna de las siguientes acciones.;;;4;67;6;1;bar-yes-selection;answer;yes_selection
6;68;Nivel de corrupción de grupos o actores;;;;41;Cuál considera usted es el nivel de corrupción de los siguientes grupos o actores;En una escala de 1 a 4, en la que 1 es nada corrupto y 4 muy corrupto.;;4;68;6;1;bar-multiple;answer;boolean_desc_4
6;69;Factores que motivan la corrupción;;;;42;Según su opinión, de los siguientes factores cuál o cuáles pueden motivar o inducir a que se presenten actos de corrupción;;;6;69;6;1;bar-yes-selection;answer;yes_selection
6;70;Efectividad distrital contra la corrupción;;;;43;En una escala de 1 a 4, en la que 1 significa nada efectivas y 4 muy efectivas, ¿qué tan efectivas cree usted que han sido las acciones o políticas del distrito para reducir o combatir la corrupción?;;;1;70;6;1;bar;answer;main
6;71;Conocimiento de canales distritales;;;;44;¿Conoce usted los canales de información pública del Distrito?;;;1;71;6;1;donut;frecuency;category
6;72;Uso de canales distritales;;;;45;¿Usa usted los canales de información pública del Distrito?;;;1;72;6;1;donut;frecuency;category
6;73;Recomendación de canales distritales;;;;46;¿Recomienda usted usar los canales de información pública del Distrito?;;;1;73;6;1;donut;frecuency;category
6;74;Acciones para defender derechos;;;;47;¿Durante los últimos 12 meses, usted adelantó alguna de las siguientes acciones para defender sus derechos o los de otros?;;;11;74;6;1;bar-yes-selection;answer;yes_selection
6;75;Derechos vulnerados en adultos;;;;48;¿En cuáles de éstos derechos considera usted que la población adulta, entre los 29 y 59 años ha sido vulnerada en los últimos 5 años?;;;7;75;6;1;bar-yes-selection;answer;yes_selection
6;76;?? En construcción;;;;48;Cuál ?;;;0;76;6;0;;;
6;77;Derechos vulnerados en niños y niñas;;;;49;¿En cuáles de éstos derechos considera usted que la población de niños o niñas entre los 5 y 12 años ha sido vulnerada en los últimos 5 años?;;;7;77;6;1;bar-yes-selection;answer;yes_selection
6;78;?? En construcción;;;;49.1;Cuál?;;;1;78;6;0;;;
7;79;Importancia de ayudar a otros;;;;50;En una escala de 1 a 4, donde 1 es Nada importante y 4 Muy importante, ¿qué tan importante es en su vida poder ayudar a otros?;;;1;79;7;1;bar;answer;main
7;80;Confianza en personas cercanas;;;;51;Por lo general usted confía en;;;5;80;7;1;bar-yes-selection;frecuency;yes_selection
7;81;Libertad de expresión con desconocidos;;;;52;Qué tan libre se siente para expresar su opinión frente a desconocidos en…;;;3;81;7;1;bar-multiple;answer;custom_52
7;82;Situaciones de conflicto entre vecinos;;;;53;Dígame si en su barrio se presentan las siguientes situaciones entre vecinos…;;;13;82;7;1;bar-yes-selection;frecuency;yes_selection
7;83;Actitud ante inseguridad y armas;;;;54;"Dígame por favor si está en desacuerdo o de acuerdo con la siguiente afirmación: ""Pensando en la inseguridad de la ciudad, lo mejor es tener un arma para protegerse"".";;;1;83;7;1;donut;frecuency;category
8;84;Orgullo de vivir en Bogotá;;;;55;Dígame si usted se siente orgulloso de vivir en Bogotá;;;1;84;8;1;donut;frecuency;category
8;85;Percepción de orgullo ciudadano;;;;56;¿Usted cree que la mayoría de las personas habitantes de Bogotá se sienten orgullosas de la ciudad?;;;1;85;8;1;donut;frecuency;category
8;86;Orgullo por aspectos de la ciudad;;;;57;Dígame qué tan orgulloso se siente de los siguientes aspectos de la ciudad:;;;10;86;8;1;bar-multiple;answer;boolean_asc_4
8;87;Recomendación de vivir en Bogotá;;;;58;¿Recomendaría usted a otra persona, vivir en Bogotá?;;;1;87;8;1;donut;frecuency;yes_no_desc
8;88;Percepción de satisfacción de otras personas;;;;59;De 10 personas como usted, ¿Cuántas cree que están satisfechas con su vida en Bogotá?;;;1;88;8;1;bar;answer;main
8;89;Actividades en el tiempo libre;;;;60;Principalmente, ¿qué hace cuando tiene tiempo libre?;;;1;89;8;1;bar;frecuency;main
8;90;Satisfación con;;;;61;En una escala de 1 a 4, donde 1 es Nada satisfecho(a) y 4 es Muy satisfecho(a). Cuál es su nivel de satisfacción con...;;;10;90;8;1;bar-multiple;answer;boolean_asc_4
8;91;Sobre el Espacio Público;;;;62;Para usted el espacio público es un lugar;;;9;91;8;1;bar-yes-selection;frecuency;yes_selection
8;92;Emoción en el Espacio Público;;;;63;¿Principalmente, qué emoción le genera el estar en el espacio público de Bogotá?;;;1;92;8;1;bar;frecuency;main
8;93;Facilidad para encontrar baño público;;;;64;¿Qué tan fácil es encontrar un servicio de baño público en Bogotá?;;;1;93;8;1;bar;frecuency;main
8;94;Situaciones presenciadas en el espacio público;;;;65;Ahora voy a leerle una lista de situaciones. Díga si las presenció durante la semana pasada.;;;7;94;8;1;bar-yes-selection;frecuency;yes_selection
8;95;Calificación aspectos de su barrio;;;;66;Cómo califica los siguientes aspectos del barrio donde vive?;En una escala de 1 a 4, donde 1 es Muy Malo y 4 es Muy Bueno. ;;9;95;8;1;bar-multiple;answer;boolean_asc_4
8;96;Parques o espacios recreativos cercanos;;;;67;Cerca a su casa hay parques o espacios públicos recreativos;;;1;96;8;1;donut;frecuency;category
8;97;Tiempo hasta el parque más cercano;;;;68;¿Cuánto tiempo le toma llegar desde su vivienda al parque o al lugar de encuentro más cercano?;Tiempo en MINUTOS;;1;97;8;1;bar;frecuency;main
8;98;Frecuencia de visita al parque;;;;69;¿Con qué frecuencia visita este parque?;;;1;98;8;1;bar;answer;main
8;99;Actividad principal en el parque;;;;70;¿Cuál es la principal actividad que usted realiza?;;;1;99;8;1;bar;frecuency;main
8;100;;;;;70.1;Cuál ?;;;1;100;8;0;;;
8;101;Características de parques cercanos;;;;71;Los parques y espacios públicos de uso recreativos cercanos a su casa son;;;6;101;8;1;bar-yes-selection;frecuency;yes_selection
8;102;Situaciones en el parque más cercano;;;;72;Ahora piense en el parque más cercano a su casa. ¿En ese parque, se presentan las siguientes situaciones;;;15;102;8;1;bar-yes-selection;frecuency;yes_selection
8;103;Inseguridad por situaciones en el barrio;;;;73;¿Usted considera que su barrio o las zonas cercanas a su vivienda son inseguros debido a dichas situaciones?;;;1;103;8;1;donut;frecuency;category
8;104;Calificación de seguridad en la ciudad;;;;74;¿De 1 a 5, donde 1 es muy insegura y 5 es muy segura qué calificación le da a esta ciudad en seguridad?;;;1;104;8;1;bar;frecuency;main
8;105;Razón principal de inseguridad;;;;75;¿Cuál es la razón principal por la que considera que esta ciudad es insegura?;Elija una sola opción;;2;105;8;1;bar;frecuency;category
8;106;;;;;75.1;Cuál;;;0;106;8;0;;;
8;107;Razón principal de seguridad;;;;76;¿Cuál es la razón principal por la que considera que esta ciudad es segura? (Elija una sola opción);;;2;107;8;1;bar;frecuency;category
8;108;;;;;76;Cuál ?;;;0;108;8;0;;;
8;109;Percepción de seguridad vs año anterior;;;;77;En términos generales, cree usted que respecto al año pasado esta ciudad es: (actualmente);;;1;109;8;1;bar;answer;main
9;110;Separación de residuos en el hogar;;;;78;En general, ¿usted separa los residuos que se generan en su casa?;;;1;110;9;1;donut;frecuency;category
9;111;Estimación de vecinos que reciclan;;;;79;¿De 10 personas en su barrio, cuántas cree que separan los residuos?;;;1;111;9;1;bar;answer;main
9;112;Percepción de reciclaje en Bogotá;;;;80;¿Usted cree que más de la mitad de los habitantes de Bogotá separa los residuos en sus hogares?;;;1;112;9;1;donut;frecuency;category
9;113;Justificación para arrojar residuos;;;;81;En una escala de 1 a 4, donde 1 es “para nada justificable” y 4 es “totalmente justificable”, ¿qué tan justificable considera usted que es arrojar elementos o residuos a la calle en horarios no permitidos?;;;1;113;9;1;bar;frecuency;main
9;114;Reutilización de materiales;;;;82;¿Usted reutiliza envases, papel, cajas, llantas o algún otro material?;;;1;114;9;1;donut;frecuency;category
9;115;Ruta de reciclaje en el barrio;;;;83;¿Por su hogar pasa una ruta de reciclaje o una persona recicladora de oficio?;;;1;115;9;1;donut;frecuency;category
9;116;Clasificación de residuos por bolsas;;;;84;¿En cuál de las siguientes bolsas deposita los residuos;;;13;116;9;1;bar-multiple;frecuency;custom_84
9;117;Limpieza de residuos aprovechables;;;;85;¿En su hogar, lavan o limpian los residuos que son aprovechables (vasos de yogurt, latas, tetrapak, etc) antes de depositarlos en la caneca?;;;1;117;9;1;donut;frecuency;category
9;118;Conocimiento del compostaje;;;;86;¿Sabe usted qué es el compostaje?;;;1;118;9;1;donut;frecuency;category
9;119;Participación en proyectos de compostaje;;;;87;¿Usted se asegura de que los residuos organicos que genera en su hogar, sean aprovechados en proyectos de compostaje? Por ejemplo proyectos de compostaje comunitario.;Compostaje: El compostaje es un proceso biológico aerobio (con presencia de oxígeno) que, bajo condiciones controladas, transforma los residuos orgánicos degradables en un material llamado compost, que se puede utilizar como abono orgánico.;;1;119;9;1;donut;frecuency;category
9;120;Ubicación del proyecto de compostaje;;;;88;Solo para quienes respondieron Sí en la pregunta anterior ¿Dónde se ubica este proyecto de compostaje?;;;1;120;9;1;bar;frecuency;main
9;121;Criterio de compra en supermercado;;;;89;Cuando usted va al supermercado, ¿Cuál criterio tiene en cuenta principalmente para escoger sus productos?;;;1;121;9;1;bar;frecuency;main
9;122;Comportamientos ambientales en el barrio;;;;90;En el último mes ha visto en su barrio, ¿personas que…;;;7;122;9;1;bar-yes-selection;frecuency;yes_selection
9;123;Reacción ante animal silvestre en peligro;;;;91;Si usted viera en la ciudad a un animal silvestre que se encuentra en peligro, ¿qué haría? (tortugas, cóndor, oso, buhos, zorrillo, etc);;;1;123;9;1;bar;frecuency;main
9;124;Preocupación por calidad del aire;;;;92;¿Qué tanto le preocupa la calidad del aire en Bogotá?;;;1;124;9;1;bar;answer;category
9;125;Capacidad personal de mejorar el aire;;;;93;En su opinión, ¿qué tanto puede hacer usted por la calidad del aire de Bogotá?;;;1;125;9;1;bar;answer;category
9;126;Importancia del ambiente para ciudadanos;;;;94;En su opinión, para la mayoría de los habitantes de Bogotá, cuidar el ambiente y la biodiversidad de la ciudad y sus alrededores es:;;;1;126;9;1;bar;answer;category
9;127;Acciones que afectan fuentes de agua;;;;95;De las siguientes acciones, ¿cuál cree que más afecta las fuentes de agua, canales y ríos de la ciudad?;;;1;127;9;1;bar;frecuency;main
9;128;Estado de los cerros orientales;;;;96;En una escala de 1 a 4, donde 1 es Muy Malo (MM) y 4 es Muy Bueno (MB). ¿Cómo califica el estado general de los cerros orientales? Cerros orientales: Los cerros Orientales son un conjunto orográfico situado al oriente de Bogotá, el cual sirve como frontera natural de la ciudad. A grandes líneas sigue una dirección sur-norte. Se encuentra principalmente en las zonas rurales en las localidades de Sumapaz, Usme, San Cristóbal, Santa Fe, Chapinero y Usaquén. Por ejemplo Monserrate, Guadalupe, etc.;;;1;128;9;1;bar;answer;main
9;129;Visita a lugares naturales de Bogotá;;;;97;En el último año, ¿usted ha visitado alguno de los siguientes lugares de Bogotá;;;9;129;9;1;bar-yes-selection;frecuency;yes_selection
9;130;Entornos naturales en el barrio;;;;98;Dígame si su barrio cuenta con;;;8;130;9;1;bar-yes-selection;frecuency;yes_selection
9;131;Estado de entornos naturales del barrio;;;;99;Ahora dígame el estado en que se encuentra cada uno de ellos…;"Responder únicamente en caso de respuesta afirmativa (""Sí"") en la pregunta anterior";;8;131;9;1;bar-multiple;answer;boolean_asc_3
10;132;Medios de transporte habituales;;;;100;En un recorrido habitual de la casa al trabajo o de la casa al lugar de estudio, ¿Qué medios de transporte utiliza? Selecciónelos en orden de uso:;;;3;132;10;1;bar-multiple;frecuency;category
10;133;Satisfacción con movilidad habitual;;;;101;Por favor califique de 1 a 5 su nivel de satisfacción con la manera como usted se moviliza principalmente, siendo 1 la peor calificación y 5 la mejor calificación.;;;1;133;10;1;bar;answer;main
10;134;Tiempo de desplazamiento habitual;;;;102;En un día habitual ¿cuánto tiempo se demora en llegar desde su casa hasta su punto de destino (por ejemplo al lugar de estudio o al lugar de trabajo)?;;;1;134;10;1;bar;answer;main
10;135;Situaciones viales presenciadas;;;;103;Ahora voy a leerle una lista de situaciones que se presentan en la ciudad. Dígame si las presenció durante la semana pasada.;;;11;135;10;1;bar-yes-selection;frecuency;yes_selection
10;136;Justificación de infracciones de tránsito;;;;104;En una escala de 1 a 4, donde 1 es “nada justificable” y 4 es “totalmente justificable”, ¿para usted, qué tan justificable es...?;;;2;136;10;1;bar-multiple;answer;boolean_desc_4
10;137;Opinión sobre la bicicleta en Bogotá;;;;105;"Dígame si está de acuerdo o en desacuerdo con las siguiente afirmación: ""Bogotá es una ciudad que promueve el uso y disfrute de la bicicleta"".";;;1;137;10;1;donut;frecuency;category
10;138;Orgullo por el Metro de Bogotá;;;;106;¿Qué tan orgullo se siente de la llegada del Metro en Bogotá?;;;1;138;10;1;bar;answer;category
10;139;Percepción de necesidad del Metro;;;;107;¿Cómo califica la llegada del metro en Bogotá, siendo 1 nada necesaria y 4 muy necesaria?;;;1;139;10;1;bar;answer;category
10;140;Disposición a usar el Metro;;;;108;¿Usaría el Metro de Bogotá?;;;1;140;10;1;donut;frecuency;category
10;141;Aporte esperado del Metro;;;;109;En una palabra, ¿Qué cree que aportará la llegada del Metro a Bogotá?;;;1;141;10;1;bar;frecuency;main
11;142;Perfil ciudadano de Bogotá en 2038;;;;110;¿Cuáles características definirían a la ciudadanía que habita la Bogotá en el 2038?;Seleccione máximo 2 opciones;;12;142;11;1;bar-yes-selection;frecuency;yes_selection
1;143;Sexo;;;;D1;Sexo;;;1;143;1;1;donut;frecuency;category
1;144;Género;;;;D2;Género;;;1;144;1;1;donut;frecuency;category
1;145;Edad;;;;D3;Edad;;;1;145;1;1;bar;answer;main
1;146;Grupo de edad;;;;D3.1;Grupo de edad;;;1;146;1;0;bar;frecuency;main
1;147;Lugar de nacimiento;;;;D4;Por favor dígame su lugar de nacimiento;;;1;147;1;1;donut;frecuency;category
1;148;Años viviendo en Bogotá;;;;D5;¿Desde hace cuántos años usted habita en esta ciudad?;Cantidad de años;;1;148;1;1;bar;answer;main
1;149;Motivo para venir a Bogotá;;;;D6;¿Cuál fue el principal motivo para venir a Bogotá?;;;1;149;1;1;bar;frecuency;main
1;150;Estado civil;;;;D7;¿Cuál es su estado civil?;;;1;150;1;1;bar;frecuency;main
1;151;Actividad de la persona encuestada;;;;D8;Usted actualmente se dedica a:;;;2;151;1;0;bar;frecuency;
1;152;;;;;D8.1;Cuál ?;;;0;152;1;0;bar;frecuency;
1;153;Nivel educativo;;;;D9;¿Cuál fue el nivel educativo más alto alcanzado por usted?;;;1;153;1;1;bar;answer;category
1;154;Grupo étnico, racial o cultural;;;;D10;¿Con cuál de los siguientes grupos étnicos, raciales y/o culturales se identifica usted?;;;1;154;1;1;bar;frecuency;main
1;155;Limitaciones permanentes;;;;D11;¿Usted tiene alguna limitación permanente para...?;;;10;155;1;1;bar-yes-selection;frecuency;yes_selection
1;156;Sobre sexualidad;;;;D12;Por último, ¿estaría dispuesto(a) a responder una pregunta sobre su sexualidad? Si NO está dispuesto(a), termine la encuesta.;Si dice estar dispuesto(a) a responder, por favor pásele el formulario al/la encuestado(a) y que sea él/ella quien marque las opciones libremente.;;12;156;1;0;;;
1;157;Autoidentificación;;;;D12;¿Usted se identifica como...? Por favor marque todas aquellas con las que más se identifica.;;;0;157;1;0;;;
1;158;Tenencia de hijos;;;;D13;¿Usted tiene hijos?;;;1;158;1;1;donut;frecuency;yes_no_desc
1;159;Nivel de ingreso;;;;D14;Su nivel de ingreso se encuentra entre:;;economía, finanzas, dinero;1;159;1;1;bar;answer;main
1;160;Factor;;;;R3;Factor;;;1;160;1;0;;;
1;161;Teléfonodelencuestado;;;;R4;Teléfonodelencuestado;;;0;161;1;0;;;
;;;;;;;;;;;;;;;;
;;;;;;;;;;;;;;;;
;;;;;;;;;;;;;;;;
;;;;;;;;;;;;;;;;
;;;;;;;;;;;;;;;;
;;;;;;;;;;;;;;;;
;;;;;;;;;;;;;;;;
;;;;;;;;;;;;;;;;
;;;;;;;;;;;;;;;;
;;;;;;;;;;;;;;;;
;;;;;;;;;;;;;;;;
;;;;;;;;;;;;;;;;
;;;;;;;;;;;;;;;;
;;;;;;;;;;;;;;;;
;;;;;;;;;;;;;;;;
;;;;;;;;;;;;;;;;
;;;;;;;;;;;;;;;;
;;;;;;;;;;;;;;;;
;;;;;;;;;;;;;;;;
;;;;;;;;;;;;;;;;
;;;;;;;;;;;;;;;;
;;;;;;;;;;;;;;;;
;;;;;;;;;;;;;;;;
;;;;;;;;;;;;;;;;
;;;;;;;;;;;;;;;;
;;;;;;;;;;;;;;;;
;;;;;;;;;;;;;;;;
;;;;;;;;;;;;;;;;
;;;;;;;;;;;;;;;;
;;;;;;;;;;;;;;;;
;;;;;;;;;;;;;;;;
;;;;;;;;;;;;;;;;
;;;;;;;;;;;;;;;;
;;;;;;;;;;;;;;;;
;;;;;;;;;;;;;;;;
;;;;;;;;;;;;;;;;
;;;;;;;;;;;;;;;;
;;;;;;;;;;;;;;;;
;;;;;;;;;;;;;;;;
;;;;;;;;;;;;;;;;
;;;;;;;;;;;;;;;;
;;;;;;;;;;;;;;;;
;;;;;;;;;;;;;;;;
;;;;;;;;;;;;;;;;
;;;;;;;;;;;;;;;;
;;;;;;;;;;;;;;;;
;;;;;;;;;;;;;;;;
;;;;;;;;;;;;;;;;
;;;;;;;;;;;;;;;;
;;;;;;;;;;;;;;;;
;;;;;;;;;;;;;;;;
;;;;;;;;;;;;;;;;
;;;;;;;;;;;;;;;;
;;;;;;;;;;;;;;;;
;;;;;;;;;;;;;;;;
;;;;;;;;;;;;;;;;
;;;;;;;;;;;;;;;;
;;;;;;;;;;;;;;;;
;;;;;;;;;;;;;;;;
;;;;;;;;;;;;;;;;
;;;;;;;;;;;;;;;;
;;;;;;;;;;;;;;;;
;;;;;;;;;;;;;;;;
;;;;;;;;;;;;;;;;
;;;;;;;;;;;;;;;;
;;;;;;;;;;;;;;;;
;;;;;;;;;;;;;;;;
;;;;;;;;;;;;;;;;
;;;;;;;;;;;;;;;;
;;;;;;;;;;;;;;;;
;;;;;;;;;;;;;;;;
;;;;;;;;;;;;;;;;
;;;;;;;;;;;;;;;;
;;;;;;;;;;;;;;;;
;;;;;;;;;;;;;;;;
;;;;;;;;;;;;;;;;
;;;;;;;;;;;;;;;;
;;;;;;;;;;;;;;;;
;;;;;;;;;;;;;;;;
;;;;;;;;;;;;;;;;
;;;;;;;;;;;;;;;;
;;;;;;;;;;;;;;;;
;;;;;;;;;;;;;;;;
;;;;;;;;;;;;;;;;
;;;;;;;;;;;;;;;;
;;;;;;;;;;;;;;;;
;;;;;;;;;;;;;;;;
;;;;;;;;;;;;;;;;
;;;;;;;;;;;;;;;;
;;;;;;;;;;;;;;;;
;;;;;;;;;;;;;;;;
;;;;;;;;;;;;;;;;
;;;;;;;;;;;;;;;;
;;;;;;;;;;;;;;;;
;;;;;;;;;;;;;;;;
;;;;;;;;;;;;;;;;
;;;;;;;;;;;;;;;;
;;;;;;;;;;;;;;;;
;;;;;;;;;;;;;;;;
;;;;;;;;;;;;;;;;
;;;;;;;;;;;;;;;;
;;;;;;;;;;;;;;;;
;;;;;;;;;;;;;;;;
;;;;;;;;;;;;;;;;
;;;;;;;;;;;;;;;;
;;;;;;;;;;;;;;;;
;;;;;;;;;;;;;;;;
;;;;;;;;;;;;;;;;
;;;;;;;;;;;;;;;;
;;;;;;;;;;;;;;;;
;;;;;;;;;;;;;;;;
;;;;;;;;;;;;;;;;
;;;;;;;;;;;;;;;;
;;;;;;;;;;;;;;;;
;;;;;;;;;;;;;;;;
;;;;;;;;;;;;;;;;
;;;;;;;;;;;;;;;;
;;;;;;;;;;;;;;;;
;;;;;;;;;;;;;;;;
;;;;;;;;;;;;;;;;
;;;;;;;;;;;;;;;;
;;;;;;;;;;;;;;;;
;;;;;;;;;;;;;;;;
;;;;;;;;;;;;;;;;
;;;;;;;;;;;;;;;;
;;;;;;;;;;;;;;;;
;;;;;;;;;;;;;;;;
;;;;;;;;;;;;;;;;
;;;;;;;;;;;;;;;;
;;;;;;;;;;;;;;;;
;;;;;;;;;;;;;;;;
;;;;;;;;;;;;;;;;
;;;;;;;;;;;;;;;;
;;;;;;;;;;;;;;;;
;;;;;;;;;;;;;;;;
;;;;;;;;;;;;;;;;
;;;;;;;;;;;;;;;;
;;;;;;;;;;;;;;;;
;;;;;;;;;;;;;;;;
;;;;;;;;;;;;;;;;
;;;;;;;;;;;;;;;;
;;;;;;;;;;;;;;;;
;;;;;;;;;;;;;;;;
;;;;;;;;;;;;;;;;
;;;;;;;;;;;;;;;;
;;;;;;;;;;;;;;;;
;;;;;;;;;;;;;;;;
;;;;;;;;;;;;;;;;
;;;;;;;;;;;;;;;;
;;;;;;;;;;;;;;;;
;;;;;;;;;;;;;;;;
;;;;;;;;;;;;;;;;
;;;;;;;;;;;;;;;;
;;;;;;;;;;;;;;;;
;;;;;;;;;;;;;;;;
;;;;;;;;;;;;;;;;
;;;;;;;;;;;;;;;;
;;;;;;;;;;;;;;;;
;;;;;;;;;;;;;;;;
;;;;;;;;;;;;;;;;
;;;;;;;;;;;;;;;;
;;;;;;;;;;;;;;;;
;;;;;;;;;;;;;;;;
;;;;;;;;;;;;;;;;
;;;;;;;;;;;;;;;;
;;;;;;;;;;;;;;;;
;;;;;;;;;;;;;;;;
;;;;;;;;;;;;;;;;
;;;;;;;;;;;;;;;;
;;;;;;;;;;;;;;;;
;;;;;;;;;;;;;;;;
;;;;;;;;;;;;;;;;
;;;;;;;;;;;;;;;;
;;;;;;;;;;;;;;;;
;;;;;;;;;;;;;;;;
;;;;;;;;;;;;;;;;
;;;;;;;;;;;;;;;;
;;;;;;;;;;;;;;;;
;;;;;;;;;;;;;;;;
;;;;;;;;;;;;;;;;
;;;;;;;;;;;;;;;;
;;;;;;;;;;;;;;;;
;;;;;;;;;;;;;;;;
;;;;;;;;;;;;;;;;
;;;;;;;;;;;;;;;;
;;;;;;;;;;;;;;;;
;;;;;;;;;;;;;;;;
;;;;;;;;;;;;;;;;
;;;;;;;;;;;;;;;;
;;;;;;;;;;;;;;;;
;;;;;;;;;;;;;;;;
;;;;;;;;;;;;;;;;
;;;;;;;;;;;;;;;;
;;;;;;;;;;;;;;;;
;;;;;;;;;;;;;;;;
;;;;;;;;;;;;;;;;
;;;;;;;;;;;;;;;;
;;;;;;;;;;;;;;;;
;;;;;;;;;;;;;;;;
;;;;;;;;;;;;;;;;
;;;;;;;;;;;;;;;;
;;;;;;;;;;;;;;;;
;;;;;;;;;;;;;;;;
;;;;;;;;;;;;;;;;
;;;;;;;;;;;;;;;;
;;;;;;;;;;;;;;;;
;;;;;;;;;;;;;;;;
;;;;;;;;;;;;;;;;
;;;;;;;;;;;;;;;;
;;;;;;;;;;;;;;;;
;;;;;;;;;;;;;;;;
;;;;;;;;;;;;;;;;
;;;;;;;;;;;;;;;;
;;;;;;;;;;;;;;;;
;;;;;;;;;;;;;;;;
;;;;;;;;;;;;;;;;
;;;;;;;;;;;;;;;;
;;;;;;;;;;;;;;;;
;;;;;;;;;;;;;;;;
;;;;;;;;;;;;;;;;
;;;;;;;;;;;;;;;;
;;;;;;;;;;;;;;;;
;;;;;;;;;;;;;;;;
;;;;;;;;;;;;;;;;
;;;;;;;;;;;;;;;;
;;;;;;;;;;;;;;;;
;;;;;;;;;;;;;;;;
;;;;;;;;;;;;;;;;
;;;;;;;;;;;;;;;;
;;;;;;;;;;;;;;;;
;;;;;;;;;;;;;;;;
;;;;;;;;;;;;;;;;
;;;;;;;;;;;;;;;;
;;;;;;;;;;;;;;;;
;;;;;;;;;;;;;;;;
;;;;;;;;;;;;;;;;
;;;;;;;;;;;;;;;;
;;;;;;;;;;;;;;;;
;;;;;;;;;;;;;;;;
;;;;;;;;;;;;;;;;
;;;;;;;;;;;;;;;;
;;;;;;;;;;;;;;;;
;;;;;;;;;;;;;;;;
;;;;;;;;;;;;;;;;
;;;;;;;;;;;;;;;;
;;;;;;;;;;;;;;;;
;;;;;;;;;;;;;;;;
;;;;;;;;;;;;;;;;
;;;;;;;;;;;;;;;;
;;;;;;;;;;;;;;;;
;;;;;;;;;;;;;;;;
;;;;;;;;;;;;;;;;
;;;;;;;;;;;;;;;;
;;;;;;;;;;;;;;;;
;;;;;;;;;;;;;;;;
;;;;;;;;;;;;;;;;
;;;;;;;;;;;;;;;;
;;;;;;;;;;;;;;;;
;;;;;;;;;;;;;;;;
;;;;;;;;;;;;;;;;
;;;;;;;;;;;;;;;;
;;;;;;;;;;;;;;;;
;;;;;;;;;;;;;;;;
;;;;;;;;;;;;;;;;
;;;;;;;;;;;;;;;;
;;;;;;;;;;;;;;;;
;;;;;;;;;;;;;;;;
;;;;;;;;;;;;;;;;
;;;;;;;;;;;;;;;;
;;;;;;;;;;;;;;;;
;;;;;;;;;;;;;;;;
;;;;;;;;;;;;;;;;
;;;;;;;;;;;;;;;;
;;;;;;;;;;;;;;;;
;;;;;;;;;;;;;;;;
;;;;;;;;;;;;;;;;
;;;;;;;;;;;;;;;;
;;;;;;;;;;;;;;;;
;;;;;;;;;;;;;;;;
;;;;;;;;;;;;;;;;
;;;;;;;;;;;;;;;;
;;;;;;;;;;;;;;;;
;;;;;;;;;;;;;;;;
;;;;;;;;;;;;;;;;
;;;;;;;;;;;;;;;;
;;;;;;;;;;;;;;;;
;;;;;;;;;;;;;;;;
;;;;;;;;;;;;;;;;
;;;;;;;;;;;;;;;;
;;;;;;;;;;;;;;;;
;;;;;;;;;;;;;;;;
;;;;;;;;;;;;;;;;
;;;;;;;;;;;;;;;;
;;;;;;;;;;;;;;;;
;;;;;;;;;;;;;;;;
;;;;;;;;;;;;;;;;
;;;;;;;;;;;;;;;;
;;;;;;;;;;;;;;;;
;;;;;;;;;;;;;;;;
;;;;;;;;;;;;;;;;
;;;;;;;;;;;;;;;;
;;;;;;;;;;;;;;;;
;;;;;;;;;;;;;;;;
;;;;;;;;;;;;;;;;
;;;;;;;;;;;;;;;;
;;;;;;;;;;;;;;;;
;;;;;;;;;;;;;;;;
;;;;;;;;;;;;;;;;
;;;;;;;;;;;;;;;;
;;;;;;;;;;;;;;;;
;;;;;;;;;;;;;;;;
;;;;;;;;;;;;;;;;
;;;;;;;;;;;;;;;;
;;;;;;;;;;;;;;;;
;;;;;;;;;;;;;;;;
;;;;;;;;;;;;;;;;
;;;;;;;;;;;;;;;;
;;;;;;;;;;;;;;;;
;;;;;;;;;;;;;;;;
;;;;;;;;;;;;;;;;
;;;;;;;;;;;;;;;;
;;;;;;;;;;;;;;;;
;;;;;;;;;;;;;;;;
;;;;;;;;;;;;;;;;
;;;;;;;;;;;;;;;;
;;;;;;;;;;;;;;;;
;;;;;;;;;;;;;;;;
;;;;;;;;;;;;;;;;
;;;;;;;;;;;;;;;;
;;;;;;;;;;;;;;;;
;;;;;;;;;;;;;;;;
;;;;;;;;;;;;;;;;
;;;;;;;;;;;;;;;;
;;;;;;;;;;;;;;;;
;;;;;;;;;;;;;;;;
;;;;;;;;;;;;;;;;
;;;;;;;;;;;;;;;;
;;;;;;;;;;;;;;;;
;;;;;;;;;;;;;;;;
;;;;;;;;;;;;;;;;
;;;;;;;;;;;;;;;;
;;;;;;;;;;;;;;;;
;;;;;;;;;;;;;;;;
;;;;;;;;;;;;;;;;
;;;;;;;;;;;;;;;;
;;;;;;;;;;;;;;;;
;;;;;;;;;;;;;;;;
;;;;;;;;;;;;;;;;
;;;;;;;;;;;;;;;;
;;;;;;;;;;;;;;;;
;;;;;;;;;;;;;;;;
;;;;;;;;;;;;;;;;
;;;;;;;;;;;;;;;;
;;;;;;;;;;;;;;;;
;;;;;;;;;;;;;;;;
;;;;;;;;;;;;;;;;
;;;;;;;;;;;;;;;;
;;;;;;;;;;;;;;;;
;;;;;;;;;;;;;;;;
;;;;;;;;;;;;;;;;
;;;;;;;;;;;;;;;;
;;;;;;;;;;;;;;;;
;;;;;;;;;;;;;;;;
;;;;;;;;;;;;;;;;
;;;;;;;;;;;;;;;;
;;;;;;;;;;;;;;;;
;;;;;;;;;;;;;;;;
;;;;;;;;;;;;;;;;
;;;;;;;;;;;;;;;;
;;;;;;;;;;;;;;;;
;;;;;;;;;;;;;;;;
;;;;;;;;;;;;;;;;
;;;;;;;;;;;;;;;;
;;;;;;;;;;;;;;;;
;;;;;;;;;;;;;;;;
;;;;;;;;;;;;;;;;
;;;;;;;;;;;;;;;;
;;;;;;;;;;;;;;;;
;;;;;;;;;;;;;;;;
;;;;;;;;;;;;;;;;
;;;;;;;;;;;;;;;;
;;;;;;;;;;;;;;;;
;;;;;;;;;;;;;;;;
;;;;;;;;;;;;;;;;
;;;;;;;;;;;;;;;;
;;;;;;;;;;;;;;;;
;;;;;;;;;;;;;;;;
;;;;;;;;;;;;;;;;
;;;;;;;;;;;;;;;;
;;;;;;;;;;;;;;;;
;;;;;;;;;;;;;;;;
;;;;;;;;;;;;;;;;
;;;;;;;;;;;;;;;;
;;;;;;;;;;;;;;;;
;;;;;;;;;;;;;;;;
;;;;;;;;;;;;;;;;
;;;;;;;;;;;;;;;;
;;;;;;;;;;;;;;;;
;;;;;;;;;;;;;;;;
;;;;;;;;;;;;;;;;
;;;;;;;;;;;;;;;;
;;;;;;;;;;;;;;;;
;;;;;;;;;;;;;;;;
;;;;;;;;;;;;;;;;
;;;;;;;;;;;;;;;;
;;;;;;;;;;;;;;;;
;;;;;;;;;;;;;;;;
;;;;;;;;;;;;;;;;
;;;;;;;;;;;;;;;;
;;;;;;;;;;;;;;;;
;;;;;;;;;;;;;;;;
;;;;;;;;;;;;;;;;
;;;;;;;;;;;;;;;;
;;;;;;;;;;;;;;;;
;;;;;;;;;;;;;;;;
;;;;;;;;;;;;;;;;
;;;;;;;;;;;;;;;;
;;;;;;;;;;;;;;;;
;;;;;;;;;;;;;;;;
;;;;;;;;;;;;;;;;
;;;;;;;;;;;;;;;;
;;;;;;;;;;;;;;;;
;;;;;;;;;;;;;;;;
;;;;;;;;;;;;;;;;
;;;;;;;;;;;;;;;;
;;;;;;;;;;;;;;;;
;;;;;;;;;;;;;;;;
;;;;;;;;;;;;;;;;
;;;;;;;;;;;;;;;;
;;;;;;;;;;;;;;;;
;;;;;;;;;;;;;;;;
;;;;;;;;;;;;;;;;
;;;;;;;;;;;;;;;;
;;;;;;;;;;;;;;;;
;;;;;;;;;;;;;;;;
;;;;;;;;;;;;;;;;
;;;;;;;;;;;;;;;;
;;;;;;;;;;;;;;;;
;;;;;;;;;;;;;;;;
;;;;;;;;;;;;;;;;
;;;;;;;;;;;;;;;;
;;;;;;;;;;;;;;;;
;;;;;;;;;;;;;;;;
;;;;;;;;;;;;;;;;
;;;;;;;;;;;;;;;;
;;;;;;;;;;;;;;;;
;;;;;;;;;;;;;;;;
;;;;;;;;;;;;;;;;
;;;;;;;;;;;;;;;;
;;;;;;;;;;;;;;;;
;;;;;;;;;;;;;;;;
;;;;;;;;;;;;;;;;
;;;;;;;;;;;;;;;;
;;;;;;;;;;;;;;;;
;;;;;;;;;;;;;;;;
;;;;;;;;;;;;;;;;
;;;;;;;;;;;;;;;;
;;;;;;;;;;;;;;;;
;;;;;;;;;;;;;;;;
;;;;;;;;;;;;;;;;
;;;;;;;;;;;;;;;;
;;;;;;;;;;;;;;;;
;;;;;;;;;;;;;;;;
;;;;;;;;;;;;;;;;
;;;;;;;;;;;;;;;;
;;;;;;;;;;;;;;;;
;;;;;;;;;;;;;;;;
;;;;;;;;;;;;;;;;
;;;;;;;;;;;;;;;;
;;;;;;;;;;;;;;;;
;;;;;;;;;;;;;;;;
;;;;;;;;;;;;;;;;
;;;;;;;;;;;;;;;;
;;;;;;;;;;;;;;;;
;;;;;;;;;;;;;;;;
;;;;;;;;;;;;;;;;
;;;;;;;;;;;;;;;;
;;;;;;;;;;;;;;;;
;;;;;;;;;;;;;;;;
;;;;;;;;;;;;;;;;
;;;;;;;;;;;;;;;;
;;;;;;;;;;;;;;;;
;;;;;;;;;;;;;;;;
;;;;;;;;;;;;;;;;
;;;;;;;;;;;;;;;;
;;;;;;;;;;;;;;;;
;;;;;;;;;;;;;;;;
;;;;;;;;;;;;;;;;
;;;;;;;;;;;;;;;;
;;;;;;;;;;;;;;;;
;;;;;;;;;;;;;;;;
;;;;;;;;;;;;;;;;
;;;;;;;;;;;;;;;;
;;;;;;;;;;;;;;;;
;;;;;;;;;;;;;;;;
;;;;;;;;;;;;;;;;
;;;;;;;;;;;;;;;;
;;;;;;;;;;;;;;;;
;;;;;;;;;;;;;;;;
;;;;;;;;;;;;;;;;
;;;;;;;;;;;;;;;;
;;;;;;;;;;;;;;;;
;;;;;;;;;;;;;;;;
;;;;;;;;;;;;;;;;
;;;;;;;;;;;;;;;;
;;;;;;;;;;;;;;;;
;;;;;;;;;;;;;;;;
;;;;;;;;;;;;;;;;
;;;;;;;;;;;;;;;;
;;;;;;;;;;;;;;;;
;;;;;;;;;;;;;;;;
;;;;;;;;;;;;;;;;
;;;;;;;;;;;;;;;;
;;;;;;;;;;;;;;;;
;;;;;;;;;;;;;;;;
;;;;;;;;;;;;;;;;
;;;;;;;;;;;;;;;;
;;;;;;;;;;;;;;;;
;;;;;;;;;;;;;;;;
;;;;;;;;;;;;;;;;
;;;;;;;;;;;;;;;;
;;;;;;;;;;;;;;;;
;;;;;;;;;;;;;;;;
;;;;;;;;;;;;;;;;
;;;;;;;;;;;;;;;;
;;;;;;;;;;;;;;;;
;;;;;;;;;;;;;;;;
;;;;;;;;;;;;;;;;
;;;;;;;;;;;;;;;;
;;;;;;;;;;;;;;;;
;;;;;;;;;;;;;;;;
;;;;;;;;;;;;;;;;
;;;;;;;;;;;;;;;;
;;;;;;;;;;;;;;;;
;;;;;;;;;;;;;;;;
;;;;;;;;;;;;;;;;
;;;;;;;;;;;;;;;;
;;;;;;;;;;;;;;;;
;;;;;;;;;;;;;;;;
;;;;;;;;;;;;;;;;
;;;;;;;;;;;;;;;;
;;;;;;;;;;;;;;;;
;;;;;;;;;;;;;;;;
;;;;;;;;;;;;;;;;
;;;;;;;;;;;;;;;;
;;;;;;;;;;;;;;;;
;;;;;;;;;;;;;;;;
;;;;;;;;;;;;;;;;
;;;;;;;;;;;;;;;;
;;;;;;;;;;;;;;;;
;;;;;;;;;;;;;;;;
;;;;;;;;;;;;;;;;
;;;;;;;;;;;;;;;;
;;;;;;;;;;;;;;;;
;;;;;;;;;;;;;;;;
;;;;;;;;;;;;;;;;
;;;;;;;;;;;;;;;;
;;;;;;;;;;;;;;;;
;;;;;;;;;;;;;;;;
;;;;;;;;;;;;;;;;
;;;;;;;;;;;;;;;;
;;;;;;;;;;;;;;;;
;;;;;;;;;;;;;;;;
;;;;;;;;;;;;;;;;
;;;;;;;;;;;;;;;;
;;;;;;;;;;;;;;;;
;;;;;;;;;;;;;;;;
;;;;;;;;;;;;;;;;
;;;;;;;;;;;;;;;;
;;;;;;;;;;;;;;;;
;;;;;;;;;;;;;;;;
;;;;;;;;;;;;;;;;
;;;;;;;;;;;;;;;;
;;;;;;;;;;;;;;;;
;;;;;;;;;;;;;;;;
;;;;;;;;;;;;;;;;
;;;;;;;;;;;;;;;;
;;;;;;;;;;;;;;;;
;;;;;;;;;;;;;;;;
;;;;;;;;;;;;;;;;
;;;;;;;;;;;;;;;;
;;;;;;;;;;;;;;;;
;;;;;;;;;;;;;;;;
;;;;;;;;;;;;;;;;
;;;;;;;;;;;;;;;;
;;;;;;;;;;;;;;;;
;;;;;;;;;;;;;;;;
;;;;;;;;;;;;;;;;
;;;;;;;;;;;;;;;;
;;;;;;;;;;;;;;;;
;;;;;;;;;;;;;;;;
;;;;;;;;;;;;;;;;
;;;;;;;;;;;;;;;;
;;;;;;;;;;;;;;;;
;;;;;;;;;;;;;;;;
;;;;;;;;;;;;;;;;
;;;;;;;;;;;;;;;;
;;;;;;;;;;;;;;;;
;;;;;;;;;;;;;;;;
;;;;;;;;;;;;;;;;
;;;;;;;;;;;;;;;;
;;;;;;;;;;;;;;;;
;;;;;;;;;;;;;;;;
;;;;;;;;;;;;;;;;
;;;;;;;;;;;;;;;;
;;;;;;;;;;;;;;;;
;;;;;;;;;;;;;;;;
;;;;;;;;;;;;;;;;
;;;;;;;;;;;;;;;;
;;;;;;;;;;;;;;;;
;;;;;;;;;;;;;;;;
;;;;;;;;;;;;;;;;
;;;;;;;;;;;;;;;;
;;;;;;;;;;;;;;;;
;;;;;;;;;;;;;;;;
;;;;;;;;;;;;;;;;
;;;;;;;;;;;;;;;;
;;;;;;;;;;;;;;;;
;;;;;;;;;;;;;;;;
;;;;;;;;;;;;;;;;
;;;;;;;;;;;;;;;;
;;;;;;;;;;;;;;;;
;;;;;;;;;;;;;;;;
;;;;;;;;;;;;;;;;
;;;;;;;;;;;;;;;;
;;;;;;;;;;;;;;;;
;;;;;;;;;;;;;;;;
;;;;;;;;;;;;;;;;
;;;;;;;;;;;;;;;;
;;;;;;;;;;;;;;;;
;;;;;;;;;;;;;;;;
;;;;;;;;;;;;;;;;
;;;;;;;;;;;;;;;;
;;;;;;;;;;;;;;;;
;;;;;;;;;;;;;;;;
;;;;;;;;;;;;;;;;
;;;;;;;;;;;;;;;;
;;;;;;;;;;;;;;;;
;;;;;;;;;;;;;;;;
;;;;;;;;;;;;;;;;
;;;;;;;;;;;;;;;;
;;;;;;;;;;;;;;;;
;;;;;;;;;;;;;;;;
;;;;;;;;;;;;;;;;
;;;;;;;;;;;;;;;;
;;;;;;;;;;;;;;;;
;;;;;;;;;;;;;;;;
;;;;;;;;;;;;;;;;
;;;;;;;;;;;;;;;;
;;;;;;;;;;;;;;;;
;;;;;;;;;;;;;;;;
;;;;;;;;;;;;;;;;
;;;;;;;;;;;;;;;;
;;;;;;;;;;;;;;;;
;;;;;;;;;;;;;;;;
;;;;;;;;;;;;;;;;
;;;;;;;;;;;;;;;;
;;;;;;;;;;;;;;;;
;;;;;;;;;;;;;;;;
;;;;;;;;;;;;;;;;
;;;;;;;;;;;;;;;;
;;;;;;;;;;;;;;;;
;;;;;;;;;;;;;;;;
;;;;;;;;;;;;;;;;
;;;;;;;;;;;;;;;;
;;;;;;;;;;;;;;;;
;;;;;;;;;;;;;;;;
;;;;;;;;;;;;;;;;
;;;;;;;;;;;;;;;;
;;;;;;;;;;;;;;;;
;;;;;;;;;;;;;;;;
;;;;;;;;;;;;;;;;
;;;;;;;;;;;;;;;;
;;;;;;;;;;;;;;;;
;;;;;;;;;;;;;;;;
;;;;;;;;;;;;;;;;
;;;;;;;;;;;;;;;;
;;;;;;;;;;;;;;;;
;;;;;;;;;;;;;;;;
;;;;;;;;;;;;;;;;
;;;;;;;;;;;;;;;;
;;;;;;;;;;;;;;;;
;;;;;;;;;;;;;;;;
;;;;;;;;;;;;;;;;
;;;;;;;;;;;;;;;;
;;;;;;;;;;;;;;;;
;;;;;;;;;;;;;;;;
;;;;;;;;;;;;;;;;
;;;;;;;;;;;;;;;;
;;;;;;;;;;;;;;;;
;;;;;;;;;;;;;;;;
;;;;;;;;;;;;;;;;
;;;;;;;;;;;;;;;;
;;;;;;;;;;;;;;;;
;;;;;;;;;;;;;;;;
;;;;;;;;;;;;;;;;
;;;;;;;;;;;;;;;;
;;;;;;;;;;;;;;;;
;;;;;;;;;;;;;;;;
;;;;;;;;;;;;;;;;
;;;;;;;;;;;;;;;;
;;;;;;;;;;;;;;;;
;;;;;;;;;;;;;;;;
;;;;;;;;;;;;;;;;
;;;;;;;;;;;;;;;;
;;;;;;;;;;;;;;;;
;;;;;;;;;;;;;;;;
;;;;;;;;;;;;;;;;
;;;;;;;;;;;;;;;;
;;;;;;;;;;;;;;;;
;;;;;;;;;;;;;;;;
;;;;;;;;;;;;;;;;
;;;;;;;;;;;;;;;;
;;;;;;;;;;;;;;;;
;;;;;;;;;;;;;;;;
;;;;;;;;;;;;;;;;
;;;;;;;;;;;;;;;;
;;;;;;;;;;;;;;;;
;;;;;;;;;;;;;;;;
;;;;;;;;;;;;;;;;
;;;;;;;;;;;;;;;;
;;;;;;;;;;;;;;;;
;;;;;;;;;;;;;;;;
;;;;;;;;;;;;;;;;
;;;;;;;;;;;;;;;;
;;;;;;;;;;;;;;;;
;;;;;;;;;;;;;;;;
;;;;;;;;;;;;;;;;
;;;;;;;;;;;;;;;;
;;;;;;;;;;;;;;;;
;;;;;;;;;;;;;;;;
;;;;;;;;;;;;;;;;
;;;;;;;;;;;;;;;;
;;;;;;;;;;;;;;;;
;;;;;;;;;;;;;;;;
;;;;;;;;;;;;;;;;
;;;;;;;;;;;;;;;;
;;;;;;;;;;;;;;;;
;;;;;;;;;;;;;;;;
;;;;;;;;;;;;;;;;
;;;;;;;;;;;;;;;;
;;;;;;;;;;;;;;;;
;;;;;;;;;;;;;;;;
;;;;;;;;;;;;;;;;
;;;;;;;;;;;;;;;;
;;;;;;;;;;;;;;;;
;;;;;;;;;;;;;;;;
;;;;;;;;;;;;;;;;
;;;;;;;;;;;;;;;;
;;;;;;;;;;;;;;;;
;;;;;;;;;;;;;;;;
;;;;;;;;;;;;;;;;
;;;;;;;;;;;;;;;;
;;;;;;;;;;;;;;;;
;;;;;;;;;;;;;;;;
;;;;;;;;;;;;;;;;
;;;;;;;;;;;;;;;;
;;;;;;;;;;;;;;;;
;;;;;;;;;;;;;;;;
;;;;;;;;;;;;;;;;
;;;;;;;;;;;;;;;;
;;;;;;;;;;;;;;;;
;;;;;;;;;;;;;;;;
;;;;;;;;;;;;;;;;
;;;;;;;;;;;;;;;;
;;;;;;;;;;;;;;;;
;;;;;;;;;;;;;;;;
;;;;;;;;;;;;;;;;
;;;;;;;;;;;;;;;;
;;;;;;;;;;;;;;;;
;;;;;;;;;;;;;;;;
;;;;;;;;;;;;;;;;
;;;;;;;;;;;;;;;;
;;;;;;;;;;;;;;;;
;;;;;;;;;;;;;;;;
;;;;;;;;;;;;;;;;
;;;;;;;;;;;;;;;;
;;;;;;;;;;;;;;;;
;;;;;;;;;;;;;;;;
;;;;;;;;;;;;;;;;
;;;;;;;;;;;;;;;;
;;;;;;;;;;;;;;;;
;;;;;;;;;;;;;;;;
;;;;;;;;;;;;;;;;
;;;;;;;;;;;;;;;;
;;;;;;;;;;;;;;;;
;;;;;;;;;;;;;;;;
;;;;;;;;;;;;;;;;
;;;;;;;;;;;;;;;;
;;;;;;;;;;;;;;;;
;;;;;;;;;;;;;;;;
;;;;;;;;;;;;;;;;
;;;;;;;;;;;;;;;;
;;;;;;;;;;;;;;;;
;;;;;;;;;;;;;;;;
;;;;;;;;;;;;;;;;
;;;;;;;;;;;;;;;;
;;;;;;;;;;;;;;;;
;;;;;;;;;;;;;;;;
;;;;;;;;;;;;;;;;
;;;;;;;;;;;;;;;;
;;;;;;;;;;;;;;;;
;;;;;;;;;;;;;;;;
;;;;;;;;;;;;;;;;
;;;;;;;;;;;;;;;;
;;;;;;;;;;;;;;;;
;;;;;;;;;;;;;;;;
;;;;;;;;;;;;;;;;
;;;;;;;;;;;;;;;;
;;;;;;;;;;;;;;;;
;;;;;;;;;;;;;;;;
;;;;;;;;;;;;;;;;
;;;;;;;;;;;;;;;;
;;;;;;;;;;;;;;;;
;;;;;;;;;;;;;;;;
;;;;;;;;;;;;;;;;
;;;;;;;;;;;;;;;;
;;;;;;;;;;;;;;;;
;;;;;;;;;;;;;;;;
;;;;;;;;;;;;;;;;
;;;;;;;;;;;;;;;;
;;;;;;;;;;;;;;;;
;;;;;;;;;;;;;;;;
;;;;;;;;;;;;;;;;
;;;;;;;;;;;;;;;;
;;;;;;;;;;;;;;;;
;;;;;;;;;;;;;;;;
;;;;;;;;;;;;;;;;
;;;;;;;;;;;;;;;;
;;;;;;;;;;;;;;;;
;;;;;;;;;;;;;;;;
;;;;;;;;;;;;;;;;
;;;;;;;;;;;;;;;;
;;;;;;;;;;;;;;;;
;;;;;;;;;;;;;;;;
;;;;;;;;;;;;;;;;
;;;;;;;;;;;;;;;;
