indice_pregunta;indice_variable;columna;codigo_variable;num_seccion;pregunta;titulo;tipo;etiqueta_orden;enunciado_2;etiqueta_enunciado;etiqueta_corta;en_cubo;tags;variable_nombre;unidad_medida
0;0;A;encuestado_id;;R1;Encuestado ID;category;;;;;0;IndicadorI+C;;
0;1;B;ID;;R1;;category;;;;;0;;;
1;2;C;Cara;;R2;;category;;;;;0;;;
2;3;D;Sector;;U1;;category;;;;;0;;;
3;4;E;Seccion;;U2;;category;;;;;0;;;
4;5;F;Manzana;;U3;;category;;;;;0;;;
5;6;G;Clase;;U4;;category;;;;;1;;Ubicación vivienda;
6;7;H;Direccion;;U5;;category;;;;;0;;;
7;8;I;CX;;U6;Latitud;category;;;;;0;IndicadorI+C;;
8;9;J;CY;;U7;Longitud;category;;;;;0;IndicadorI+C;;
9;10;K;H1;;H1;;number;;Número de hogares dentro de la vivienda;Número de hogares dentro de la vivienda;;1;;Hogares en la vivienda;hogares
10;11;L;H2;;H2;;number;;Número de personas del hogar;Número de personas del hogar;;1;;Personas por hogar;personas
11;12;M;H3.1;;H3.P1;;text;;Nombre de la persona 1 JEFE DE HOGAR;Nombre de la persona 1 JEFE DE HOGAR;;0;;;
11;13;N;H4.1;;H3.P1;;category;;Edad persona 1;Edad persona 1;;0;;;
11;14;O;H5.1;;H3.P1;;category;;Sexo persona 1;Sexo persona 1;;0;;;
12;15;P;H3.2;;H3.P2;;text;;Nombre de la persona 2;Nombre de la persona 2;;0;;;
12;16;Q;H4.2;;H3.P2;;category;;Edad persona 2;Edad persona 2;;0;;;
12;17;R;H5.2;;H3.P2;;category;;Sexo persona 2;Sexo persona 2;;0;;;
12;18;S;H6.2;;H3.P2;;text;;Parentesco con la persona que se reconoce como jefe o jefa del hogar, o la persona mayor (persona 1);Parentesco con la persona que se reconoce como jefe o jefa del hogar, o la persona mayor (persona 1);;0;;;
13;19;T;H3.3;;H3.P3;;text;;Nombre de la persona 3;Nombre de la persona 3;;0;;;
13;20;U;H4.3;;H3.P3;;category;;Edad persona 3;Edad persona 3;;0;;;
13;21;V;H5.3;;H3.P3;;category;;Sexo persona 3;Sexo persona 3;;0;;;
13;22;W;H6.3;;H3.P3;;text;;Parentesco con la persona que se reconoce como jefe o jefa del hogar, o la persona mayor (persona 1);Parentesco con la persona que se reconoce como jefe o jefa del hogar, o la persona mayor (persona 1);;0;;;
14;23;X;H3.4;;H3.P4;;text;;Nombre de la persona 4;Nombre de la persona 4;;0;;;
14;24;Y;H4.4;;H3.P4;;category;;Edad persona 4;Edad persona 4;;0;;;
14;25;Z;H5.4;;H3.P4;;category;;Sexo persona 4;Sexo persona 4;;0;;;
14;26;AA;H6.4;;H3.P4;;text;;Parentesco con la persona que se reconoce como jefe o jefa del hogar, o la persona mayor (persona 1);Parentesco con la persona que se reconoce como jefe o jefa del hogar, o la persona mayor (persona 1);;0;;;
15;27;AB;H3.5;;H3.P5;;text;;Nombre de la persona 5;Nombre de la persona 5;;0;;;
15;28;AC;H4.5;;H3.P5;;category;;Edad persona 5;Edad persona 5;;0;;;
15;29;AD;H5.5;;H3.P5;;category;;Sexo persona 5;Sexo persona 5;;0;;;
15;30;AE;H6.5;;H3.P5;;category;;Parentesco con la persona que se reconoce como jefe o jefa del hogar, o la persona mayor (persona 1);Parentesco con la persona que se reconoce como jefe o jefa del hogar, o la persona mayor (persona 1);;0;;;
16;31;AF;H3.6;;H3.P6;;text;;Nombre de la persona 6;Nombre de la persona 6;;0;;;
16;32;AG;H4.6;;H3.P6;;category;;Edad persona 6;Edad persona 6;;0;;;
16;33;AH;H5.6;;H3.P6;;category;;Sexo persona 6;Sexo persona 6;;0;;;
16;34;AI;H6.6;;H3.P6;;text;;Parentesco con la persona que se reconoce como jefe o jefa del hogar, o la persona mayor (persona 1);Parentesco con la persona que se reconoce como jefe o jefa del hogar, o la persona mayor (persona 1);;0;;;
17;35;AJ;H3.7;;H3.P7;;text;;Nombre de la persona 7;Nombre de la persona 7;;0;;;
17;36;AK;H4.7;;H3.P7;;category;;Edad persona 7;Edad persona 7;;0;;;
17;37;AL;H5.7;;H3.P7;;category;;Sexo persona 7;Sexo persona 7;;0;;;
17;38;AM;H6.7;;H3.P7;;text;;Parentesco con la persona que se reconoce como jefe o jefa del hogar, o la persona mayor (persona 1);Parentesco con la persona que se reconoce como jefe o jefa del hogar, o la persona mayor (persona 1);;0;;;
18;39;AN;H3.8;;H3.P8;;text;;Nombre de la persona 8;Nombre de la persona 8;;0;;;
18;40;AO;H4.8;;H3.P8;;category;;Edad persona 8;Edad persona 8;;0;;;
18;41;AP;H5.8;;H3.P8;;category;;Sexo persona 8;Sexo persona 8;;0;;;
18;42;AQ;H6.8;;H3.P8;;category;;Parentesco con la persona que se reconoce como jefe o jefa del hogar, o la persona mayor (persona 1);Parentesco con la persona que se reconoce como jefe o jefa del hogar, o la persona mayor (persona 1);;0;;;
19;43;AR;H3.9;;H3.P9;;text;;Nombre de la persona 9;Nombre de la persona 9;;0;;;
19;44;AS;H4.9;;H3.P9;;category;;Edad persona 9;Edad persona 9;;0;;;
19;45;AT;H5.9;;H3.P9;;category;;Sexo persona 9;Sexo persona 9;;0;;;
19;46;AU;H6.9;;H3.P9;;text;;Parentesco con la persona que se reconoce como jefe o jefa del hogar, o la persona mayor (persona 1);Parentesco con la persona que se reconoce como jefe o jefa del hogar, o la persona mayor (persona 1);;0;;;
20;47;AV;H7.1;;H7.1;;category;;;;;0;;;
21;48;AW;H7.2;;H7.2;;category;;;;;0;;;
22;49;AX;V1;;V1;Localidad;category;;;;;1;IndicadorI+C;;
23;50;AY;V2;;V2;Estrato;category;;;;;1;;;
24;51;AZ;V3;;V3;;category;;Tipo vivienda;Tipo vivienda;;1;;Tipo vivienda;
25;52;BA;V4;;V4;;category;;;;;1;;;
26;53;BB;P1.1;;1;;category;a;Bogotá es amable y ha acogido mucha gente, pero los valores y costumbres propios se han perdido;a. Bogotá es amable y ha acogido mucha gente, pero los valores y costumbres propios se han perdido;;1;;;
26;54;BC;P1.2;;1;;category;b;A las personas que vienen de afuera no les importa la ciudad y la dañan.;b. A las personas que vienen de afuera no les importa la ciudad y la dañan.;;1;;;
27;55;BD;P2;;2;;category;;;;;1;;;
28;56;BE;P3;;3;;category;;;;;1;;;
29;57;BF;P4.1;;4;;category;a;Entre más religiones se permitan en el país, más se enriquece nuestra diversidad cultural;a. Entre más religiones se permitan en el país, más se enriquece nuestra diversidad cultural;;1;;;
29;58;BG;P4.2;;4;;category;b;Cuando la gente es pobre, es más propensa a cometer delitos;b. Cuando la gente es pobre, es más propensa a cometer delitos;;1;;;
29;59;BH;P4.3;;4;;category;c;Todas las personas negras son buenas especialmente para la música, el baile y el deporte;c. Todas las personas negras son buenas especialmente para la música, el baile y el deporte;;1;;;
29;60;BI;P4.4;;4;;category;d;Las personas enfermas de SIDA deben ser alejadas del resto de las personas;d. Las personas enfermas de SIDA deben ser alejadas del resto de las personas;;1;;;
29;61;BJ;P4.5;;4;;category;e;Las personas con discapacidades físicas pueden ser buenas trabajadoras pero no en niveles directivos;e. Las personas con discapacidades físicas pueden ser buenas trabajadoras pero no en niveles directivos;;1;;;
29;62;BK;P4.6;;4;;category;f;Las personas transgénero no aportan a la construcción de ciudad;f. Las personas transgénero no aportan a la construcción de ciudad;;1;;;
29;63;BL;P4.7;;4;;category;g;Aunque los campesinos juegan un papel importante para el país, deberían esforzarse más para salir del atraso.;g. Aunque los campesinos juegan un papel importante para el país, deberían esforzarse más para salir del atraso.;;1;;;
29;64;BM;P4.8;;4;;category;h;Las personas mayores terminan siendo una carga para la sociedad;h. Las personas mayores terminan siendo una carga para la sociedad;;1;;;
29;65;BN;P4.9;;4;;category;i;El trabajo sexual es un trabajo digno como cualquier otro;i. El trabajo sexual es un trabajo digno como cualquier otro;;1;;;
29;66;BO;P4.10;;4;;category;j;Las personas con discapacidad son una minoría en la ciudad, por eso es muy difícil que toda la ciudad se adapte a sus necesidades específicas.;j. Las personas con discapacidad son una minoría en la ciudad, por eso es muy difícil que toda la ciudad se adapte a sus necesidades específicas.;;1;;;
29;67;BP;P4.11;;4;;category;k;Los problemas de los jóvenes se presentan en su mayoría por falta de disciplina y autoridad;k. Los problemas de los jóvenes se presentan en su mayoría por falta de disciplina y autoridad;;1;;;
30;68;BQ;P5.1;;5;;category;a;Personas que ejercen el trabajo sexual;a. Personas que ejercen el trabajo sexual;;1;;;
30;69;BR;P5.2;;5;;category;b;Exguerrilleros(as);b. Exguerrilleros(as);;1;;;
30;70;BS;P5.3;;5;;category;c;Exparamilitares;c. Exparamilitares;;1;;;
30;71;BT;P5.4;;5;;category;d;Víctimas del conflicto armado;d. Víctimas del conflicto armado;;1;;;
30;72;BU;P5.5;;5;;category;e;Inmigrantes;e. Inmigrantes;;1;;;
30;73;BV;P5.6;;5;;category;f;Refugiados venezolanos;f. Refugiados venezolanos;;1;;;
30;74;BW;P5.7;;5;;category;g;Indígenas;g. Indígenas;;1;;;
30;75;BX;P5.8;;5;;category;h;Personas de una región diferente a la suya;h. Personas de una región diferente a la suya;;1;;;
30;76;BY;P5.9;;5;;category;i;Personas con antecedentes penales;i. Personas con antecedentes penales;;1;;;
30;77;BZ;P5.10;;5;;category;j;Habitantes de calle;j. Habitantes de calle;;1;;;
30;78;CA;P5.11;;5;;category;k;Recicladores;k. Recicladores;;1;;;
30;79;CB;P5.12;;5;;category;l;Personas lesbianas, gays, transgénero, bisexuales, intersexual, etc;l. Personas lesbianas, gays, transgénero, bisexuales, intersexual, etc;;1;;;
30;80;CC;P5.13;;5;;category;m;Integrantes de barras de fútbol;m. Integrantes de barras de fútbol;;1;;;
30;81;CD;P5.14;;5;;category;n;Personas que consuman sustancias psicoactivas;n. Personas que consuman sustancias psicoactivas;;1;;;
30;82;CE;P5.15;;5;;category;o;Alguien reconocido como corrupto;o. Alguien reconocido como corrupto;;1;;;
30;83;CF;P5.16;;5;;category;p;Personas afrodescendientes o negras;p. Personas afrodescendientes o negras;;1;;;
30;84;CG;P5.17;;5;;category;r;No tiene problemas con tenerlos como vecinos;r. No tiene problemas con tenerlos como vecinos;;1;;;
31;85;CH;P6.1;;6;;category;a;Que críen o adopten niños y niñas;a. Que críen o adopten niños y niñas;;1;;;
31;86;CI;P6.2;;6;;category;b;Que se casen entre sí;b. Que se casen entre sí;;1;;;
31;87;CJ;P6.3;;6;;category;c;Que se expresen afectivamente en público;c. Que se expresen afectivamente en público;;1;;;
31;88;CK;P6.4;;6;;category;d;Que hagan parte de las fuerzas militares;d. Que hagan parte de las fuerzas militares;;1;;;
31;89;CL;P6.5;;6;;category;e;Que trabajen en entidades públicas;e. Que trabajen en entidades públicas;;1;;;
31;90;CM;P6.6;;6;;category;f;Que sean docentes (profesores/as);f. Que sean docentes (profesores/as);;1;;;
31;91;CN;P6.7;;6;;category;g;Que participen en política y/o en cargos de elección popular;g. Que participen en política y/o en cargos de elección popular;;1;;;
32;92;CO;P7;;7;;category;;;;;1;;;
33;93;CP;P8;;8;;category;;;;;1;;;
34;94;CQ;P9;;9;;category;;;;;1;;;
35;95;CR;P9.1;;9.1;;category;;;;;1;;;
36;96;CS;P10.1;;10;;category;a;Las mujeres por naturaleza cuidan mejor a los(as) niños(as) que los hombres;a. Las mujeres por naturaleza cuidan mejor a los(as) niños(as) que los hombres;;1;;;
36;97;CT;P10.2;;10;;category;b;Las mujeres por naturaleza hacen mejor los oficios del hogar que los hombres;b. Las mujeres por naturaleza hacen mejor los oficios del hogar que los hombres;;1;;;
36;98;CU;P10.3;;10;;category;c;Toda familia necesita un hombre que la proteja;c. Toda familia necesita un hombre que la proteja;;1;;;
36;99;CV;P10.4;;10;;category;d;El rol de todo hombre es el de proteger y proveer a su familia;d. El rol de todo hombre es el de proteger y proveer a su familia;;1;;;
36;100;CW;P10.5;;10;;category;e;La mujer es la principal responsable de prevenir un embarazo;e. La mujer es la principal responsable de prevenir un embarazo;;1;;;
36;101;CX;P10.6;;10;;category;f;Los hombres pueden ayudar en la casa con el trabajo doméstico, pero no es su responsabilidad.;f. Los hombres pueden ayudar en la casa con el trabajo doméstico, pero no es su responsabilidad.;;1;;;
36;102;CY;P10.7;;10;;category;g;Aunque las mujeres practiquen deportes profesionalmente, nunca tendrán el nivel de los hombres;g. Aunque las mujeres practiquen deportes profesionalmente, nunca tendrán el nivel de los hombres;;1;;;
36;103;CZ;P10.8;;10;;category;h;La mujer que se deja maltratar por su pareja es porque le gusta que la maltraten;h. La mujer que se deja maltratar por su pareja es porque le gusta que la maltraten;;1;;;
36;104;DA;P10.9;;10;;category;i;Lo más grave de que un hombre maltrate a su pareja es que lo haga en público;i. Lo más grave de que un hombre maltrate a su pareja es que lo haga en público;;1;;;
36;105;DB;P10.10;;10;;category;j;En su opinión, una mujer que se viste con minifalda o ropa muy ajustada provoca que le falten al respeto en la calle;j. En su opinión, una mujer que se viste con minifalda o ropa muy ajustada provoca que le falten al respeto en la calle;;1;;;
36;106;DC;P10.11;;10;;category;k;El deber de todo hombre es defender su hombría;k. El deber de todo hombre es defender su hombría;;1;;;
37;107;DD;P11.1;;11;;category;a;Acoso hacia las mujeres en el espacio público (calle, transporte);a. Acoso hacia las mujeres en el espacio público (calle, transporte);;1;;;
37;108;DE;P11.2;;11;;category;b;Hechos violentos hacia las mujeres que afecten su integridad física y moral;b. Hechos violentos hacia las mujeres que afecten su integridad física y moral;;1;;;
37;109;DF;P11.3;;11;;category;c;Acoso o agresión a una mujer en redes sociales;c. Acoso o agresión a una mujer en redes sociales;;1;;;
37;110;DG;P11.4;;11;;category;d;Acoso sexual en el espacio público (calle, transporte público);d. Acoso sexual en el espacio público (calle, transporte público);;1;;;
38;111;DH;P12.1;;12;;category;a;Si me celan en una relación de pareja es porque me quieren;a. Si me celan en una relación de pareja es porque me quieren;;1;;;
38;112;DI;P12.2;;12;;category;b;Es entendible que no me guste que mi pareja salga con amigos y amigas.;b. Es entendible que no me guste que mi pareja salga con amigos y amigas.;;1;;;
38;113;DJ;P12.3;;12;;category;c;Un hombre de verdad debe imponerse, así le toque usar la fuerza;c. Un hombre de verdad debe imponerse, así le toque usar la fuerza;;1;;;
38;114;DK;P12.4;;12;;category;d;Las personas infieles merecen un castigo.;d. Las personas infieles merecen un castigo.;;1;;;
38;115;DL;P12.5;;12;;category;e;Cuando hay violencia en una relación de pareja, uno no tiene porqué meterse.;e. Cuando hay violencia en una relación de pareja, uno no tiene porqué meterse.;;1;;;
38;116;DM;P12.6;;12;;category;f;Hoy en día las mujeres han descuidado sus deberes en el hogar y con sus parejas.;f. Hoy en día las mujeres han descuidado sus deberes en el hogar y con sus parejas.;;1;;;
39;117;DN;P13.1;;13;;category;a;Tener hijos(as) es indispensable para no quedarse solo(a) en la vida;a. Tener hijos(as) es indispensable para no quedarse solo(a) en la vida;;1;;;
39;118;DO;P13.2;;13;;category;b;Tener hijos(as) es importante para realizarse en la vida;b. Tener hijos(as) es importante para realizarse en la vida;;1;;;
39;119;DP;P13.3;;13;;category;c;Tener hijos(as) es indispensable para conformar una familia;c. Tener hijos(as) es indispensable para conformar una familia;;1;;;
39;120;DQ;P13.4;;13;;category;d;Tener hijos(as) reafirma lo que significa ser hombre o ser mujer;d. Tener hijos(as) reafirma lo que significa ser hombre o ser mujer;;1;;;
39;121;DR;P13.5;;13;;category;e;Solo se deben tener hijos cuando se planean.;e. Solo se deben tener hijos cuando se planean.;;1;;;
40;122;DS;P14.1;;14;;category;a;El espacio público en la ciudad (o en su barrio);a. El espacio público en la ciudad (o en su barrio);;1;;;
40;123;DT;P14.2;;14;;category;b;La convivencia y la solución pacífica de conflictos en la ciudad (o en su barrio);b. La convivencia y la solución pacífica de conflictos en la ciudad (o en su barrio);;1;;;
40;124;DU;P14.3;;14;;category;c;El respeto a las diferencias y la valoración por la diversidad y la libertad de las personas en la ciudad (o en su barrio);c. El respeto a las diferencias y la valoración por la diversidad y la libertad de las personas en la ciudad (o en su barrio);;1;;;
40;125;DV;P14.4;;14;;category;d;El cuidado del ambiente y/o animales en la ciudad (o en su barrio);d. El cuidado del ambiente y/o animales en la ciudad (o en su barrio);;1;;;
40;126;DW;P14.5;;14;;category;e;La promoción del arte, la cultura y el patrimonio en la ciudad (o en su barrio);e. La promoción del arte, la cultura y el patrimonio en la ciudad (o en su barrio);;1;;;
40;127;DX;P14.6;;14;;category;f;La promoción de la recreación y el deporte en su localidad (o en su barrio);f. La promoción de la recreación y el deporte en su localidad (o en su barrio);;1;;;
40;128;DY;P14.7;;14;;category;g;La defensa de los derechos humanos;g. La defensa de los derechos humanos;;1;;;
40;129;DZ;P14.8;;14;;category;h;La promoción de los valores democráticos y/o políticos;h. La promoción de los valores democráticos y/o políticos;;1;;;
41;130;EA;P15.1;;15;;category;a;Iniciativa popular;a. Iniciativa popular;;1;;;
41;131;EB;P15.2;;15;;category;b;Referendo;b. Referendo;;1;;;
41;132;EC;P15.3;;15;;category;c;Consulta popular;c. Consulta popular;;1;;;
41;133;ED;P15.4;;15;;category;d;Revocatoria de mandato;d. Revocatoria de mandato;;1;;;
41;134;EE;P15.5;;15;;category;e;Plebiscito;e. Plebiscito;;1;;;
41;135;EF;P15.6;;15;;category;f;Cabildo abierto;f. Cabildo abierto;;1;;;
41;136;EG;P15.7;;15;;category;g;Consejo Territorial de Planeación;g. Consejo Territorial de Planeación;;1;;;
41;137;EH;P15.8;;15;;category;h;Consejo Local de Planeación;h. Consejo Local de Planeación;;1;;;
41;138;EI;P15.9;;15;;category;i;Encuentros ciudadanos;i. Encuentros ciudadanos;;1;;;
41;139;EJ;P15.10;;15;;category;j;Comités de Desarrollo y Control Social en Salud y Servicios Públicos;j. Comités de Desarrollo y Control Social en Salud y Servicios Públicos;;1;;;
41;140;EK;P15.11;;15;;category;k;Veedurías ciudadanas u otras formas de control social;k. Veedurías ciudadanas u otras formas de control social;;1;;;
41;141;EL;P15.12;;15;;category;l;Organizaciones sindicales;l. Organizaciones sindicales;;1;;;
42;142;EM;P16.1;;16;;category;a;Presidente;a. Presidente;;1;;;
42;143;EN;P16.2;;16;;category;b;Alcalde;b. Alcalde;;1;;;
42;144;EO;P16.3;;16;;category;c;Gobernación;c. Gobernación;;1;;;
42;145;EP;P16.4;;16;;category;d;Asamblea Departamental;d. Asamblea Departamental;;1;;;
42;146;EQ;P16.5;;16;;category;e;Congreso (Senado y Cámara);e. Congreso (Senado y Cámara);;1;;;
42;147;ER;P16.6;;16;;category;f;Concejo Distrital;f. Concejo Distrital;;1;;;
42;148;ES;P16.7;;16;;category;g;Junta Administradora Local;g. Junta Administradora Local;;1;;;
42;149;ET;P16.8;;16;;category;h;Junta de acción comunal;h. Junta de acción comunal;;1;;;
42;150;EU;P16.9;;16;;category;i;Consejos Locales de Juventud;i. Consejos Locales de Juventud;;1;;;
42;151;EV;P16.10;;16;;category;j;Consejos locales de cultura;j. Consejos locales de cultura;;1;;;
43;152;EW;P17.1;;17;;category;a;Presidente;a. Presidente;;1;;;
43;153;EX;P17.2;;17;;category;b;Alcalde;b. Alcalde;;1;;;
43;154;EY;P17.3;;17;;category;c;Gobernación;c. Gobernación;;1;;;
43;155;EZ;P17.4;;17;;category;d;Asamblea Departamental;d. Asamblea Departamental;;1;;;
43;156;FA;P17.5;;17;;category;e;Congreso (Senado y Cámara);e. Congreso (Senado y Cámara);;1;;;
43;157;FB;P17.6;;17;;category;f;Concejo Distrital;f. Concejo Distrital;;1;;;
43;158;FC;P17.7;;17;;category;g;Junta Administradora Local;g. Junta Administradora Local;;1;;;
43;159;FD;P17.8;;17;;category;h;Junta de acción comunal;h. Junta de acción comunal;;1;;;
43;160;FE;P17.9;;17;;category;i;Consejos Locales de Juventud;i. Consejos Locales de Juventud;;1;;;
43;161;FF;P17.10;;17;;category;j;Consejos locales de cultura;j. Consejos locales de cultura;;1;;;
44;162;FG;P18.1;;18;;category;a;Organización artística, deportiva y/o de recreación;a. Organización artística, deportiva y/o de recreación;;1;;;
44;163;FH;P18.2;;18;;category;b;Organizaciones comunales y/o de propiedad horizontal;b. Organizaciones comunales y/o de propiedad horizontal;;1;;;
44;164;FI;P18.3;;18;;category;c;"Organización de sectores poblaciones (étnica; niñez; jóvenes; personas mayores; mujeres; LGBTIQ+; habitabilidad en calle; personas en condiciones de discapacidad o cuidadores, migrantes; campesinos)";"c. Organización de sectores poblaciones (étnica; niñez; jóvenes; personas mayores; mujeres; LGBTIQ+; habitabilidad en calle; personas en condiciones de discapacidad o cuidadores, migrantes; campesinos)";;1;;;
44;165;FJ;P18.4;;18;;category;d;"Organizaciones que representan nuevas ciudadanías (ciclistas; organizaciones ambientales o de bienestar y protección animal)";"d. Organizaciones que representan nuevas ciudadanías (ciclistas; organizaciones ambientales o de bienestar y protección animal)";;1;;;
44;166;FK;P18.5;;18;;category;e;Organizaciones de defensa de derechos humanos, sociales, económicos y/o políticos;e. Organizaciones de defensa de derechos humanos, sociales, económicos y/o políticos;;1;;;
44;167;FL;P18.6;;18;;category;f;Organización religiosa, de fe o grupo de oración;f. Organización religiosa, de fe o grupo de oración;;1;;;
45;168;FM;P19.1;;19;;category;a;Encuentros ciudadanos;a. Encuentros ciudadanos;;1;;;
45;169;FN;P19.2;;19;;category;b;Presupuestos Participativos;b. Presupuestos Participativos;;1;;;
45;170;FO;P19.3;;19;;category;c;Rendición de cuentas;c. Rendición de cuentas;;1;;;
45;171;FP;P19.4;;19;;category;d;Audiencias Públicas;d. Audiencias Públicas;;1;;;
45;172;FQ;P19.5;;19;;category;e;Veedurías;e. Veedurías;;1;;;
45;173;FR;P19.6;;19;;category;f;Instancias de participación, consulta y/o concertación;f. Instancias de participación, consulta y/o concertación;;1;;;
45;174;FS;P19.7;;19;;category;g;Causas ciudadanas;g. Causas ciudadanas;;1;;;
45;175;FT;P19.8;;19;;category;h;Consultas ciudadanas;h. Consultas ciudadanas;;1;;;
45;176;FU;P19.9;;19;;category;i;Laboratorios de innovación;i. Laboratorios de innovación;;1;;;
45;177;FV;P19.10;;19;;category;j;Plataformas de cocreación;j. Plataformas de cocreación;;1;;;
45;178;FW;P19.11;;19;;category;k;Sistema de Votación Electrónica Ciudadana -VOTEC-;k. Sistema de Votación Electrónica Ciudadana -VOTEC-;;1;;;
45;179;FX;P19.12;;19;;category;l;Elaboración del Plan de Ordenamiento Territorial -POT-;l. Elaboración del Plan de Ordenamiento Territorial -POT-;;1;;;
45;180;FY;P19.13;;19;;category;m;Juntas de Acción Comunal;m. Juntas de Acción Comunal;;1;;;
45;181;FZ;P19.14;;19;;category;n;Comités de Control Social de Servicios Públicos;n. Comités de Control Social de Servicios Públicos;;1;;;
45;182;GA;P19.15;;19;;category;o;Comités de Participación Comunitaria en Salud;o. Comités de Participación Comunitaria en Salud;;1;;;
46;183;GB;P20;;20;;category;;;;;1;;;
46;184;GC;P20.1;;20;;category;;;;;0;;;
48;185;GD;P21;;21;;category;;;;;1;;Efectividad;de 1 a 4
49;186;GE;P22.1;;22;;category;a;Formación en capacidades democráticas;a. Formación en capacidades democráticas;;1;;;
49;187;GF;P22.2;;22;;category;b;Fortalecimiento de las organizaciones sociales e instancias de participación;b. Fortalecimiento de las organizaciones sociales e instancias de participación;;1;;;
49;188;GG;P22.3;;22;;category;c;Investigación sobre la participación ciudadana;c. Investigación sobre la participación ciudadana;;1;;;
49;189;GH;P22.4;;22;;category;d;Promoción de escenarios, espacios y procesos de dialogo y concertación;d. Promoción de escenarios, espacios y procesos de dialogo y concertación;;1;;;
49;190;GI;P22.5;;22;;category;e;Divulgación y comunicación de información pública;e. Divulgación y comunicación de información pública;;1;;;
49;191;GJ;P22.6;;22;;category;f;Inclusión en procesos de gestión pública a través de medios tecnológicos o instrumentos de innovación;f. Inclusión en procesos de gestión pública a través de medios tecnológicos o instrumentos de innovación;;1;;;
49;192;GK;P22.7;;22;;category;g;Entrega de incentivos y recursos para promover ejercicios de participación;g. Entrega de incentivos y recursos para promover ejercicios de participación;;1;;;
50;193;GL;P23;;23;;category;;;;;1;;Efectividad;de 1 a 4
51;194;GM;P24.1;;24;;category;a;Participar en mi comunidad es importante para generar cambios;a. Participar en mi comunidad es importante para generar cambios;;1;;;
51;195;GN;P24.2;;24;;category;b;Participar en mi comunidad ayuda a fortalecer redes con otros ciudadanos;b. Participar en mi comunidad ayuda a fortalecer redes con otros ciudadanos;;1;;;
51;196;GO;P24.3;;24;;category;c;Participar en mi comunidad fortalece la gestión pública;c. Participar en mi comunidad fortalece la gestión pública;;1;;;
51;197;GP;P24.4;;24;;category;d;Participar en mi comunidad es peligroso;d. Participar en mi comunidad es peligroso;;1;;;
51;198;GQ;P24.5;;24;;category;e;Participar en mi comunidad es difícil;e. Participar en mi comunidad es difícil;;1;;;
51;199;GR;P24.6;;24;;category;f;Participar en mi comunidad no sirve de nada;f. Participar en mi comunidad no sirve de nada;;1;;;
52;200;GS;P25.1;;25;;category;;Tener un líder fuerte que no tenga que preocuparse por el congreso y las elecciones;Tener un líder fuerte que no tenga que preocuparse por el congreso y las elecciones;;1;;;
52;201;GT;P25.2;;25;;category;;Hacer que los expertos, no el gobierno, tomen decisiones de acuerdo con lo que creen que es mejor para el país.;Hacer que los expertos, no el gobierno, tomen decisiones de acuerdo con lo que creen que es mejor para el país.;;1;;;
52;202;GU;P25.3;;25;;category;;Tener un sistema político democrático;Tener un sistema político democrático;;1;;;
52;203;GV;P25.4;;25;;category;;Tener un sistema regido por una ley religiosa en el que no hay partidos políticos ni elecciones.;Tener un sistema regido por una ley religiosa en el que no hay partidos políticos ni elecciones.;;1;;;
53;204;GW;P26.1;;26;;category;;La religión del(la) candidato(a);La religión del(la) candidato(a);;1;;;
53;205;GX;P26.2;;26;;category;;El partido del(la) candidato(a);El partido del(la) candidato(a);;1;;;
53;206;GY;P26.3;;26;;category;;Las personas públicas que apoyan al(la) candidato(a);Las personas públicas que apoyan al(la) candidato(a);;1;;;
53;207;GZ;P26.4;;26;;category;;La opinión de los medios de comunicación;La opinión de los medios de comunicación;;1;;;
53;208;HA;P26.5;;26;;category;;Lo que dicen las encuestas;Lo que dicen las encuestas;;1;;;
53;209;HB;P26.6;;26;;category;;Las recomendaciones de amistades y familiares;Las recomendaciones de amistades y familiares;;1;;;
53;210;HC;P26.7;;26;;category;;Las propuestas del(la) candidato (a);Las propuestas del(la) candidato (a);;1;;;
54;211;HD;P27.1;;27;;category;;La política;La política;;1;;;
54;212;HE;P27.2;;27;;category;;Los asuntos públicos;Los asuntos públicos;;1;;;
55;213;HF;P28.1;;28;;category;a;El Concejo de Bogotá;a. El Concejo de Bogotá;;1;;;
55;214;HG;P28.2;;28;Confianza en la alcaldía mayor y entidades;category;b;La alcaldía Mayor y sus entidades;b. La alcaldía Mayor y sus entidades;;1;IndicadorI+C;;
55;215;HH;P28.3;;28;Confianza en los servidores del Distrito;category;c;Los servidores del Distrito;c. Los servidores del Distrito;;1;IndicadorI+C;;
55;216;HI;P28.4;;28;;category;d;Autoridades locales (Las alcaldías y JAL);d. Autoridades locales (Las alcaldías y JAL);;1;;;
55;217;HJ;P28.5;;28;;category;e;La Policía;e. La Policía;;1;;;
55;218;HK;P28.6;;28;;category;f;Organismos de control (Contraloría, Personería, Veeduría);f. Organismos de control (Contraloría, Personería, Veeduría);;1;;;
55;219;HL;P28.7;;28;;category;g;El Gobierno Nacional y sus instituciones;g. El Gobierno Nacional y sus instituciones;;1;;;
55;220;HM;P28.8;;28;;category;h;El Congreso de la República;h. El Congreso de la República;;1;;;
55;221;HN;P28.9;;28;;category;i;Los órganos judiciales;i. Los órganos judiciales;;1;;;
55;222;HO;P28.10;;28;;category;j;El Ejército;j. El Ejército;;1;;;
55;223;HP;P28.11;;28;;category;k;El Sistema Integrado de Transporte Público de Bogotá (SITP, TransMilenio, TransMiCable, Sitp);k. El Sistema Integrado de Transporte Público de Bogotá (SITP, TransMilenio, TransMiCable, Sitp);;1;;;
55;224;HQ;P28.12;;28;;category;l;Las empresas de servicios públicos domiciliarios;l. Las empresas de servicios públicos domiciliarios;;1;;;
56;225;HR;P29.1;;29;;category;a;El gobierno nacional;a. El gobierno nacional;;1;;;
56;226;HS;P29.2;;29;;category;b;La Alcaldía mayor y sus entidades;b. La Alcaldía mayor y sus entidades;;1;;;
56;227;HT;P29.3;;29;;category;c;El Concejo de Bogotá;c. El Concejo de Bogotá;;1;;;
56;228;HU;P29.4;;29;;category;d;Las Juntas Administradoras Locales;d. Las Juntas Administradoras Locales;;1;;;
57;229;HV;P30;;30;;category;;;;;1;;;
58;230;HW;P31.1;;31;;category;a;Cuando es la única alternativa que le queda a uno para alcanzar sus objetivos;a. Cuando es la única alternativa que le queda a uno para alcanzar sus objetivos;;1;;;
58;231;HX;P31.2;;31;;category;b;Cuando los demás lo hacen;b. Cuando los demás lo hacen;;1;;;
58;232;HY;P31.3;;31;;category;c;Cuando es lo acostumbrado;c. Cuando es lo acostumbrado;;1;;;
58;233;HZ;P31.4;;31;;category;d;Cuando se hace por necesidad;d. Cuando se hace por necesidad;;1;;;
58;234;IA;P31.5;;31;;category;e;Cuando es bastante seguro que uno no será castigado por incumplirla;e. Cuando es bastante seguro que uno no será castigado por incumplirla;;1;;;
58;235;IB;P31.6;;31;;category;f;Cuando se obra por desconocimiento de la ley;f. Cuando se obra por desconocimiento de la ley;;1;;;
58;236;IC;P31.7;;31;;category;g;Cuando favorezco a la gente mientras obtengo un beneficio individual;g. Cuando favorezco a la gente mientras obtengo un beneficio individual;;1;;;
58;237;ID;P31.8;;31;;category;h;Cuando alguien a quien uno considera ejemplo de comportamiento lo ha hecho;h. Cuando alguien a quien uno considera ejemplo de comportamiento lo ha hecho;;1;;;
58;238;IE;P31.9;;31;;category;i;Cuando la ley es injusta o vulnera los derechos;i. Cuando la ley es injusta o vulnera los derechos;;1;;;
59;239;IF;P32;;32;;category;;;;;1;;;
60;240;IG;P33;;33;;category;;;;;1;;;
61;241;IH;P34;;34;;category;;;;;1;;;
62;242;II;P35;;35;;category;;;;;1;;;
63;243;IJ;P36;;36;;category;;;;;1;;;
64;244;IK;P37;;37;Proporción personas en las que confiar;category;;;;;1;IndicadorI+C;;
65;245;IL;P38;;38;;category;;;;;1;;;
66;246;IM;P39.1;;39;;category;a;Haber pedido dinero para evitar poner una multa;a. Haber pedido dinero para evitar poner una multa;;1;;;
66;247;IN;P39.2;;39;;category;b;Haber pedido dinero para ayudar a hacer un trámite con una entidad pública;b. Haber pedido dinero para ayudar a hacer un trámite con una entidad pública;;1;;;
66;248;IO;P39.3;;39;;category;c;Haber ofrecido hacer algún fraude para evitar pagar impuestos;c. Haber ofrecido hacer algún fraude para evitar pagar impuestos;;1;;;
66;249;IP;P39.4;;39;;category;d;Haber ayudado a un familiar o a una persona cercana a obtener beneficios gracias a su cargo;d. Haber ayudado a un familiar o a una persona cercana a obtener beneficios gracias a su cargo;;1;;;
66;250;IQ;P39.5;;39;;category;e;Haber ofrecido favorecer a otra persona para salir bien librado frente a hechos judiciales;e. Haber ofrecido favorecer a otra persona para salir bien librado frente a hechos judiciales;;1;;;
67;251;IR;P40.1;;40;;category;a;Haber entregado dinero para evitar que le impongan una multa;a. Haber entregado dinero para evitar que le impongan una multa;;1;;;
67;252;IS;P40.2;;40;;category;b;Haber entregado dinero para pedir ayudar en un trámite con una entidad pública;b. Haber entregado dinero para pedir ayudar en un trámite con una entidad pública;;1;;;
67;253;IT;P40.3;;40;;category;c;Haber ayudado a hacer algún fraude en el pago de impuestos;c. Haber ayudado a hacer algún fraude en el pago de impuestos;;1;;;
67;254;IU;P40.4;;40;;category;d;Haber recibido un favor para lograr la impunidad de alguna persona.;d. Haber recibido un favor para lograr la impunidad de alguna persona.;;1;;;
68;255;IV;P41.1;;41;;category;a;La alcaldía y sus entidades (Secretarías, Institutos, Empresas, etc);a. La alcaldía y sus entidades (Secretarías, Institutos, Empresas, etc);;1;;;
68;256;IW;P41.2;;41;;category;b;Autoridades locales (Las alcaldías y JAL);b. Autoridades locales (Las alcaldías y JAL);;1;;;
68;257;IX;P41.3;;41;;category;c;El Concejo de Bogotá;c. El Concejo de Bogotá;;1;;;
68;258;IY;P41.4;;41;;category;d;Gremios, empresas u organizaciones privadas;d. Gremios, empresas u organizaciones privadas;;1;;;
69;259;IZ;P42.1;;42;;category;a;Falta de sanción a los corruptos;a. Falta de sanción a los corruptos;;1;;;
69;260;JA;P42.2;;42;;category;b;Vacíos o falta de claridad en la legislación;b. Vacíos o falta de claridad en la legislación;;1;;;
69;261;JB;P42.3;;42;;category;c;Ausencia de valores éticos;c. Ausencia de valores éticos;;1;;;
69;262;JC;P42.4;;42;;category;d;Presión de particulares sobre las entidades públicas;d. Presión de particulares sobre las entidades públicas;;1;;;
69;263;JD;P42.5;;42;;category;e;Presión de organizaciones criminales o grupos armados;e. Presión de organizaciones criminales o grupos armados;;1;;;
69;264;JE;P42.6;;42;;category;f;Presión de actores políticos sobre las entidades públicas;f. Presión de actores políticos sobre las entidades públicas;;1;;;
70;265;JF;P43;;43;;category;;;;;1;;;
71;266;JG;P44;;44;;category;;;;;1;;;
72;267;JH;P45;;45;;category;;;;;1;;;
73;268;JI;P46;;46;;category;;;;;1;;;
74;269;JJ;P47.1;;47;;category;;Solicitó ayuda ante las autoridades competentes;Solicitó ayuda ante las autoridades competentes;;1;;;
74;270;JK;P47.2;;47;;category;;Interpuso alguna acción legal;Interpuso alguna acción legal;;1;;;
74;271;JL;P47.3;;47;;category;;Hizo alguna denuncia en medios de comunicación y redes sociales;Hizo alguna denuncia en medios de comunicación y redes sociales;;1;;;
74;272;JM;P47.4;;47;;category;;Pidió ayuda a un líder, lideresa o representante de la comunidad;Pidió ayuda a un líder, lideresa o representante de la comunidad;;1;;;
74;273;JN;P47.5;;47;;category;;Pidió ayuda a un líder o lideresa político (a);Pidió ayuda a un líder o lideresa político (a);;1;;;
74;274;JO;P47.6;;47;;category;;Asistió a acciones de protesta en el espacio público;Asistió a acciones de protesta en el espacio público;;1;;;
74;275;JP;P47.7;;47;;category;;Expuso su caso en espacios de participación como asambleas, juntas barriales;Expuso su caso en espacios de participación como asambleas, juntas barriales;;1;;;
74;276;JQ;P47.8;;47;;category;;No hizo nada;No hizo nada;;1;;;
74;277;JR;P47.9;;47;;category;;Buscó defender a la otra persona o defenderse a sí mismo, haciendo uso;Buscó defender a la otra persona o defenderse a sí mismo, haciendo uso;;1;;;
74;278;JS;P47.10;;47;;category;;Lo divulgó a terceros como vecinos y amigos;Lo divulgó a terceros como vecinos y amigos;;1;;;
74;279;JT;P47.11;;47;;category;;No siento que se hayan vulnerado mis derechos ni los de los demás;No siento que se hayan vulnerado mis derechos ni los de los demás;;1;;;
75;280;JU;P48.1;;48;;category;;Seguridad alimentaria;Seguridad alimentaria;;1;;;
75;281;JV;P48.2;;48;;category;;Trabajo digno;Trabajo digno;;1;;;
75;282;JW;P48.3;;48;;category;;Acceso a vivienda;Acceso a vivienda;;1;;;
75;283;JX;P48.4;;48;;category;;Salud;Salud;;1;;;
75;284;JY;P48.5;;48;;category;;Recreación y deporte;Recreación y deporte;;1;;;
75;285;JZ;P48.6;;48;;category;;Otro;Otro;;1;;;
75;286;KA;P48.7;;48;;text;;;;;0;;;
77;287;KB;P49.1;;49;;category;;Seguridad alimentaria;Seguridad alimentaria;;1;;;
77;288;KC;P49.2;;49;;category;;Educación;Educación;;1;;;
77;289;KD;P49.3;;49;;category;;A la vida;A la vida;;1;;;
77;290;KE;P49.4;;49;;category;;Salud;Salud;;1;;;
77;291;KF;P49.5;;49;;category;;Recreación y deporte;Recreación y deporte;;1;;;
77;292;KG;P49.6;;49;;category;;Vivir en condiciones de bienestar y un sano desarrollo integra;Vivir en condiciones de bienestar y un sano desarrollo integra;;1;;;
77;293;KH;P49.7;;49;;category;;Otro;Otro;;0;;;
78;294;KI;P49.8;;49.1;;text;;¿Cuál otro?;¿Cuál otro?;;0;;;
79;295;KJ;P50;;50;;category;;;;;1;;;
80;296;KK;P51.1;;51;;category;a;Los vecinos;a. Los vecinos;;1;;;
80;297;KL;P51.2;;51;;category;b;Los amigos;b. Los amigos;;1;;;
80;298;KM;P51.3;;51;;category;c;Los parientes (familiares);c. Los parientes (familiares);;1;;;
80;299;KN;P51.4;;51;;category;d;Los compañeros de estudio o trabajo;d. Los compañeros de estudio o trabajo;;1;;;
80;300;KO;P51.5;;51;;category;e;Los demás habitantes de Bogotá;e. Los demás habitantes de Bogotá;;1;;;
81;301;KP;P52.1;;52;;category;;Bogotá;Bogotá;;1;;;
81;302;KQ;P52.2;;52;;category;;Su barrio o localidad;Su barrio o localidad;;1;;;
81;303;KR;P52.3;;52;;category;;Redes sociales;Redes sociales;;1;;;
82;304;KS;P53.1;;53;;category;a;Vecinos(as) que ponen música a un volumen muy alto o hacen mucho ruido;a. Vecinos(as) que ponen música a un volumen muy alto o hacen mucho ruido;;1;;;
82;305;KT;P53.2;;53;;category;b;Borrachos(as) que forman problemas;b. Borrachos(as) que forman problemas;;1;;;
82;306;KU;P53.3;;53;;category;c;Vecinos(as) que sacan la basura a deshoras o la dejan frente a la casa de los demás o en lugares no permitidos;c. Vecinos(as) que sacan la basura a deshoras o la dejan frente a la casa de los demás o en lugares no permitidos;;1;;;
82;307;KV;P53.4;;53;;category;d;Vecinos(as) y visitantes que parquean los carros en los andenes o frente al garaje de los otros;d. Vecinos(as) y visitantes que parquean los carros en los andenes o frente al garaje de los otros;;1;;;
82;308;KW;P53.5;;53;;category;e;Vecinos que no recogen el excremento de sus mascotas;e. Vecinos que no recogen el excremento de sus mascotas;;1;;;
82;309;KX;P53.6;;53;;category;f;Familias conflictivas que se pelean mucho entre ellos (gritos, insultos, portazos, golpes);f. Familias conflictivas que se pelean mucho entre ellos (gritos, insultos, portazos, golpes);;1;;;
82;310;KY;P53.7;;53;;category;g;Jóvenes de la zona que generan ruido y desorden en el barrio;g. Jóvenes de la zona que generan ruido y desorden en el barrio;;1;;;
82;311;KZ;P53.8;;53;;category;h;Comerciantes de la zona que invaden los espacios públicos;h. Comerciantes de la zona que invaden los espacios públicos;;1;;;
82;312;LA;P53.9;;53;;category;i;Negocios de la zona que hacen mucho ruido;i. Negocios de la zona que hacen mucho ruido;;1;;;
82;313;LB;P53.10;;53;;category;j;Peleas en su barrio;j. Peleas en su barrio;;1;;;
82;314;LC;P53.11;;53;;category;k;Personas que andan armadas;k. Personas que andan armadas;;1;;;
82;315;LD;P53.12;;53;;category;l;Venta de drogas o sustancias psicoactivas;l. Venta de drogas o sustancias psicoactivas;;1;;;
82;316;LE;P53.13;;53;;category;m;Consumo de sustancias psicoactivas o drogas;m. Consumo de sustancias psicoactivas o drogas;;1;;;
83;317;LF;P54;;54;;category;;;;;1;;;
84;318;LG;P55;;55;Orgullo de vivir en Bogotá;category;;;;;1;IndicadorI+C;;
85;319;LH;P56;;56;;category;;;;;1;;;
86;320;LI;P57.1;;57;Orgullo por El Servicio Integrado de Transporte Público de Bogotá (SITP, TransMilenio, TransMiCable, Sitp);category;;El Servicio Integrado de Transporte Público de Bogotá (SITP, TransMilenio, TransMiCable, Sitp);El Servicio Integrado de Transporte Público de Bogotá (SITP, TransMilenio, TransMiCable, Sitp);;1;IndicadorI+C;;
86;321;LJ;P57.2;;57;Orgullo por La oferta cultural de Bogotá;category;;La oferta cultural de Bogotá;La oferta cultural de Bogotá;;1;IndicadorI+C;;
86;322;LK;P57.3;;57;Orgullo por Los equipamientos culturales;category;;Los equipamientos culturales;Los equipamientos culturales;;1;IndicadorI+C;;
86;323;LL;P57.4;;57;Orgullo por La oferta deportiva y recreativa de Bogotá;category;;La oferta deportiva y recreativa de Bogotá;La oferta deportiva y recreativa de Bogotá;;1;IndicadorI+C;;
86;324;LM;P57.5;;57;Orgullo por El mantenimiento de las vias y los espacios públicos;category;;El mantenimiento de las vias y los espacios públicos;El mantenimiento de las vias y los espacios públicos;;1;IndicadorI+C;;
86;325;LN;P57.6;;57;Orgullo por La Oferta gastrónomica;category;;La Oferta gastrónomica;La Oferta gastrónomica;;1;IndicadorI+C;;
86;326;LO;P57.7;;57;Orgullo por El Patrimonio histórico y arquitectónico;category;;El Patrimonio histórico y arquitectónico;El Patrimonio histórico y arquitectónico;;1;IndicadorI+C;;
86;327;LP;P57.8;;57;Orgullo por Los Espacios verdes y parques públicos (Parque Simón Bolívar, Jardín Botánico, Parque de los Novios);category;;Los Espacios verdes y parques públicos (Parque Simón Bolívar, Jardín Botánico, Parque de los Novios);Los Espacios verdes y parques públicos (Parque Simón Bolívar, Jardín Botánico, Parque de los Novios);;1;IndicadorI+C;;
86;328;LQ;P57.9;;57;Orgullo por El manejo de residuos en la ciudad;category;;El manejo de residuos en la ciudad;El manejo de residuos en la ciudad;;1;IndicadorI+C;;
86;329;LR;P57.10;;57;Orgullo por La convivencia ciudadana;category;;La convivencia ciudadana;La convivencia ciudadana;;1;IndicadorI+C;;
87;330;LS;P58;;58;;category;;;;;1;;;
88;331;LT;P59;;59;;category;;;;;1;;personas satisfechas;1 a 10
89;332;LU;P60;;60;;category;;;;;1;;;
90;333;LV;P61.1;;61;;category;a;Vivir en Bogotá;a. Vivir en Bogotá;;1;;;
90;334;LW;P61.2;;61;;category;b;El barrio donde usted vive;b. El barrio donde usted vive;;1;;;
90;335;LX;P61.3;;61;;category;c;Su vivienda;c. Su vivienda;;1;;;
90;336;LY;P61.4;;61;;category;d;Los parques y espacios de encuentro de su barrio;d. Los parques y espacios de encuentro de su barrio;;1;;;
90;337;LZ;P61.5;;61;;category;e;Las bibliotecas que se encuentran en su barrio;e. Las bibliotecas que se encuentran en su barrio;;1;;;
90;338;MA;P61.6;;61;;category;f;Los andenes de su barrio;f. Los andenes de su barrio;;1;;;
90;339;MB;P61.7;;61;;category;g;Las vías de su barrio;g. Las vías de su barrio;;1;;;
90;340;MC;P61.8;;61;;category;h;El servicio de transporte público que pasa por su barrio;h. El servicio de transporte público que pasa por su barrio;;1;;;
90;341;MD;P61.9;;61;;category;i;Las actividades culturales y artísticas en su barrio;i. Las actividades culturales y artísticas en su barrio;;1;;;
90;342;ME;P61.10;;61;;category;j;Las actividades deportivas y recreativas en su barrio;j. Las actividades deportivas y recreativas en su barrio;;1;;;
91;343;MF;P62.1;;62;;category;a;De expresión cultural y artística;a. De expresión cultural y artística;;1;;;
91;344;MG;P62.2;;62;;category;b;De encuentro;b. De encuentro;;1;;;
91;345;MH;P62.3;;62;;category;c;De peligro;c. De peligro;;1;;;
91;346;MI;P62.4;;62;;category;d;De conflictos;d. De conflictos;;1;;;
91;347;MJ;P62.5;;62;;category;e;Para hacer ejercicio o actividad física;e. Para hacer ejercicio o actividad física;;1;;;
91;348;MK;P62.6;;62;;category;f;Para trabajar;f. Para trabajar;;1;;;
91;349;ML;P62.7;;62;;category;g;De transito (por cualquier medio de transporte);g. De transito (por cualquier medio de transporte);;1;;;
91;350;MM;P62.8;;62;;category;h;Para caminar;h. Para caminar;;1;;;
91;351;MN;P62.9;;62;;category;i;De esparcimiento y disfrute;i. De esparcimiento y disfrute;;1;;;
92;352;MO;P63;;63;;category;;;;;1;;;
93;353;MP;P64;;64;;category;;;;;1;;;
94;354;MQ;P65.1;;65;;category;a;Monumentos, señales de tránsito o fachadas con rayones, tags o pintas;a. Monumentos, señales de tránsito o fachadas con rayones, tags o pintas;;1;;;
94;355;MR;P65.2;;65;;category;b;Ventas informales que invaden el espacio público destinado a los peatones;b. Ventas informales que invaden el espacio público destinado a los peatones;;1;;;
94;356;MS;P65.3;;65;;category;c;Encontrar orina o materia fecal de humanos en el espacio público.;c. Encontrar orina o materia fecal de humanos en el espacio público.;;1;;;
94;357;MT;P65.4;;65;;category;d;Tropezarse con obstáculos por el mal estado del andén;d. Tropezarse con obstáculos por el mal estado del andén;;1;;;
94;358;MU;P65.5;;65;;category;e;Venta de sustancias psicoactivas;e. Venta de sustancias psicoactivas;;1;;;
94;359;MV;P65.6;;65;;category;f;Consumo de sustancias psicoactivas;f. Consumo de sustancias psicoactivas;;1;;;
94;360;MW;P65.7;;65;;category;g;Uso inadecuado de los contenedores o canecas de residuos;g. Uso inadecuado de los contenedores o canecas de residuos;;1;;;
95;361;MX;P66.1;;66;;category;a;El alumbrado público.;a. El alumbrado público.;;1;;;
95;362;MY;P66.2;;66;;category;b;La calidad del aire (contaminación y olores);b. La calidad del aire (contaminación y olores);;1;;;
95;363;MZ;P66.3;;66;;category;c;Los sonidos que se escuchan;c. Los sonidos que se escuchan;;1;;;
95;364;;P66.4;;66;;category;d;Conexión vial con el resto de la ciudad;d. Conexión vial con el resto de la ciudad;;1;;;
95;365;NB;P66.5;;66;;category;e;Zonas verdes y arborización;e. Zonas verdes y arborización;;1;;;
95;366;NC;P66.6;;66;;category;f;Presencia de fauna silvestre;f. Presencia de fauna silvestre;;1;;;
95;367;ND;P66.7;;66;;category;g;Conexión peatonal con el resto del barrio;g. Conexión peatonal con el resto del barrio;;1;;;
95;368;NE;P66.8;;66;;category;h;La seguridad en la zona;h. La seguridad en la zona;;1;;;
95;369;NF;P66.9;;66;;category;i;Presencia de ventas informales en el espacio público;i. Presencia de ventas informales en el espacio público;;1;;;
96;370;NG;P67;;67;;category;;;;;1;;;
97;371;NH;P68;;68;;number;;;;;1;;Tiempo para llegar al parque;minutos
98;372;NI;P69;;69;;category;;;;;1;;;
99;373;NJ;P70;;70;;category;;;;;1;;;
100;374;NK;P70.1;;70.1;;category;;;;;1;;;
101;375;NL;P71.1;;71;;category;a;Agradables;a. Agradables;;1;;;
101;376;NM;P71.2;;71;;category;b;Limpios;b. Limpios;;1;;;
101;377;NN;P71.3;;71;;category;c;Seguros;c. Seguros;;1;;;
101;378;NO;P71.4;;71;;category;d;Amplios;d. Amplios;;1;;;
101;379;NP;P71.5;;71;;category;e;Bien equipados (iluminados, con canecas, prados y pisos en buen estado.;e. Bien equipados (iluminados, con canecas, prados y pisos en buen estado.;;1;;;
101;380;NQ;P71.6;;71;;category;f;Tienen zonas verdes donde las personas pueden descansar o jugar;f. Tienen zonas verdes donde las personas pueden descansar o jugar;;1;;;
102;381;NR;P72.1;;72;;category;a;Reuniones y encuentros entre los(as) vecinos(as);a. Reuniones y encuentros entre los(as) vecinos(as);;1;;;
102;382;NS;P72.2;;72;;category;b;Personas disfrutando de la naturaleza;b. Personas disfrutando de la naturaleza;;1;;;
102;383;NT;P72.3;;72;;category;c;Niños y niñas jugando;c. Niños y niñas jugando;;1;;;
102;384;NU;P72.4;;72;;category;d;Personas mayores descansando;d. Personas mayores descansando;;1;;;
102;385;NV;P72.5;;72;;category;e;Personas sacando a pasear mascotas;e. Personas sacando a pasear mascotas;;1;;;
102;386;NW;P72.6;;72;;category;f;Personas practicando deportes y actividades físicas;f. Personas practicando deportes y actividades físicas;;1;;;
102;387;NX;P72.7;;72;;category;g;Personas realizado actividades artísticas y/o culturales;g. Personas realizado actividades artísticas y/o culturales;;1;;;
102;388;NY;P72.8;;72;;category;h;Personas recicladoras de oficio;h. Personas recicladoras de oficio;;1;;;
102;389;NZ;P72.9;;72;;category;i;Gente usando el parque para desayunar, almorzar o comer;i. Gente usando el parque para desayunar, almorzar o comer;;1;;;
102;390;OA;P72.10;;72;;category;j;Venta de sustancias psicoactivas;j. Venta de sustancias psicoactivas;;1;;;
102;391;OB;P72.11;;72;;category;k;Consumo de sustancias psicoactivas;k. Consumo de sustancias psicoactivas;;1;;;
102;392;OC;P72.12;;72;;category;l;Casos de acoso o abuso sexual;l. Casos de acoso o abuso sexual;;1;;;
102;393;OD;P72.13;;72;;category;m;Atracos o robos;m. Atracos o robos;;1;;;
102;394;OE;P72.14;;72;;category;n;Peleas o riñas;n. Peleas o riñas;;1;;;
102;395;OF;P72.15;;72;;category;o;Uso inadecuado de las canecas de residuos;o. Uso inadecuado de las canecas de residuos;;1;;;
103;396;OG;P73;;73;;category;;;;;1;;;
104;397;OH;P74;;74;;number;;;;;1;;Puntaje seguridad;de 1 a 5
105;398;OI;P75;;75;;category;;;;;1;;;
105;399;OJ;P75.1;;75;;category;;;;;0;;;
107;400;OK;P76;;76;;category;;;;;1;;;
107;401;OL;P76.1;;76;;category;;;;;1;;;
109;402;OM;P77;;77;;category;;;;;1;;;
110;403;ON;P78;;78;;category;;;;;1;;;
111;404;OO;P79;;79;;number;;;;;1;;vecinos que reciclan;1 a 10 personas
112;405;OP;P80;;80;;category;;;;;1;;;
113;406;OQ;P81;;81;;category;;;;;1;;;
114;407;OR;P82;;82;;category;;;;;1;;;
115;408;OS;P83;;83;;category;;;;;1;;;
116;409;OT;P84.1;;84;;category;a;Cartón limpio;a. Cartón limpio;;1;;;
116;410;OU;P84.2;;84;;category;b;Cartón sucio (con restos de comida, grasa, etc);b. Cartón sucio (con restos de comida, grasa, etc);;1;;;
116;411;OV;P84.3;;84;;category;c;Papel;c. Papel;;1;;;
116;412;OW;P84.4;;84;;category;d;Aluminio;d. Aluminio;;1;;;
116;413;OX;P84.5;;84;;category;e;Plástico;e. Plástico;;1;;;
116;414;OY;P84.6;;84;;category;f;vidrio;f. vidrio;;1;;;
116;415;OZ;P84.7;;84;;category;g;Metal;g. Metal;;1;;;
116;416;PA;P84.8;;84;;category;h;Residuos orgánicos (cáscaras, semillas, frutas, etc);h. Residuos orgánicos (cáscaras, semillas, frutas, etc);;1;;;
116;417;PB;P84.9;;84;;category;i;Residuos de comida cocinada;i. Residuos de comida cocinada;;1;;;
116;418;PC;P84.10;;84;;category;j;Pilas;j. Pilas;;1;;;
116;419;PD;P84.11;;84;;category;k;Icopor;k. Icopor;;1;;;
116;420;PE;P84.12;;84;;category;l;Cajas de jugo sucio;l. Cajas de jugo sucio;;1;;;
116;421;PF;P84.13;;84;;category;m;Servilletas usadas;m. Servilletas usadas;;1;;;
117;422;PG;P85;;85;;category;;;;;1;;;
118;423;PH;P86;;86;;category;;;;;1;;;
119;424;PI;P87;;87;;category;;;;;1;;;
120;425;PJ;P88;;88;;category;;;;;1;;;
121;426;PK;P89;;89;;category;;;;;1;;;
122;427;PL;P90.1;;90;;category;a;Descuidan los jardines y las zonas verdes de las residencias (Antejardines) (cortar ramas y hojas secas, recoger las basuras, regar las plantas, etc);a. Descuidan los jardines y las zonas verdes de las residencias (Antejardines) (cortar ramas y hojas secas, recoger las basuras, regar las plantas, etc);;1;;;
122;428;PM;P90.2;;90;;category;b;Instalan vallas, avisos y pasacalles;b. Instalan vallas, avisos y pasacalles;;1;;;
122;429;PN;P90.3;;90;;category;c;Separan los residuos que se generan en la casa;c. Separan los residuos que se generan en la casa;;1;;;
122;430;PO;P90.4;;90;;category;d;Arrojan escombros o desperdicios en caños, ríos, quebradas o humedales;d. Arrojan escombros o desperdicios en caños, ríos, quebradas o humedales;;1;;;
122;431;PP;P90.5;;90;;category;e;Trafican con animales silvestres;e. Trafican con animales silvestres;;1;;;
122;432;PQ;P90.6;;90;;category;f;Lavan el carro en el espacio público;f. Lavan el carro en el espacio público;;1;;;
122;433;PR;P90.7;;90;;category;g;Tienen animales silvestres como animales de compañía.;g. Tienen animales silvestres como animales de compañía.;;1;;;
123;434;PS;P91;;91;;category;;;;;1;;;
124;435;PT;P92;;92;;category;;;;;1;;;
125;436;PU;P93;;93;;category;;;;;1;;;
126;437;PV;P94;;94;;category;;;;;1;;;
127;438;PW;P95;;95;;category;;;;;1;;;
128;439;PX;P96;;96;;category;;;;;1;;;
129;440;PY;P97.1;;97;;category;a;Senderos en los Cerros Orientales;a. Senderos en los Cerros Orientales;;1;;;
129;441;PZ;P97.2;;97;;category;b;Aulas ambientales;b. Aulas ambientales;;1;;;
129;442;QA;P97.3;;97;;category;c;Corredores ambientales;c. Corredores ambientales;;1;;;
129;443;QB;P97.4;;97;;category;d;Reservas forestales;d. Reservas forestales;;1;;;
129;444;QC;P97.5;;97;;category;e;Quebradas;e. Quebradas;;1;;;
129;445;QD;P97.6;;97;;category;f;Páramos;f. Páramos;;1;;;
129;446;QE;P97.7;;97;;category;g;Ríos;g. Ríos;;1;;;
129;447;QF;P97.8;;97;;category;h;Parques naturales;h. Parques naturales;;1;;;
129;448;QG;P97.9;;97;;category;i;Humedales;i. Humedales;;1;;;
130;449;QH;P98.1;;98;;category;a;Aulas ambientales;a. Aulas ambientales;;1;;;
130;450;QI;P98.2;;98;;category;b;Corredores ambientales;b. Corredores ambientales;;1;;;
130;451;QJ;P98.3;;98;;category;c;Reservas forestales;c. Reservas forestales;;1;;;
130;452;QK;P98.4;;98;;category;d;Quebradas;d. Quebradas;;1;;;
130;453;QL;P98.5;;98;;category;e;Páramos;e. Páramos;;1;;;
130;454;QM;P98.6;;98;;category;f;Ríos;f. Ríos;;1;;;
130;455;QN;P98.7;;98;;category;g;Parques naturales;g. Parques naturales;;1;;;
130;456;QO;P98.8;;98;;category;h;Humedales;h. Humedales;;1;;;
131;457;QP;P99.1;;99;;category;a;Aulas ambientales;a. Aulas ambientales;;1;;;
131;458;QQ;P99.2;;99;;category;b;Corredores ambientales;b. Corredores ambientales;;1;;;
131;459;QR;P99.3;;99;;category;c;Reservas forestales;c. Reservas forestales;;1;;;
131;460;QS;P99.4;;99;;category;d;Quebradas;d. Quebradas;;1;;;
131;461;QT;P99.5;;99;;category;e;Páramos;e. Páramos;;1;;;
131;462;QU;P99.6;;99;;category;f;Ríos;f. Ríos;;1;;;
131;463;QV;P99.7;;99;;category;g;Parques naturales;g. Parques naturales;;1;;;
131;464;QW;P99.8;;99;;category;h;Humedales;h. Humedales;;1;;;
132;465;QX;P100.1;;100;;category;;Primera respuesta;Primera respuesta;;1;;;
132;466;QY;P100.2;;100;;category;;Segunda respuesta;Segunda respuesta;;1;;;
132;467;QZ;P100.3;;100;;category;;Tercera respuesta;Tercera respuesta;;1;;;
133;468;RA;P101;;101;;number;;;;;1;;satisfación movilidad;1 a 5
134;469;RB;P102;;102;;number;;;;;1;;tiempo desplazamiento;minutos
135;470;RC;P103.1;;103;;category;a;Peatones cruzando la calle sin usar el puente peatonal;a. Peatones cruzando la calle sin usar el puente peatonal;;1;;;
135;471;RD;P103.2;;103;;category;b;Vehículos particulares parqueados en zonas prohibidas;b. Vehículos particulares parqueados en zonas prohibidas;;1;;;
135;472;RE;P103.3;;103;;category;c;Vehículos de servicio público pasar el semáforo en rojo;c. Vehículos de servicio público pasar el semáforo en rojo;;1;;;
135;473;RF;P103.4;;103;;category;d;Vehículos bloqueando la intersección vial;d. Vehículos bloqueando la intersección vial;;1;;;
135;474;RG;P103.5;;103;;category;e;Vehículos que no le ceden el paso al peatón;e. Vehículos que no le ceden el paso al peatón;;1;;;
135;475;RH;P103.6;;103;;category;f;Personas que evaden el pago de pasaje en transmilenio;f. Personas que evaden el pago de pasaje en transmilenio;;1;;;
135;476;RI;P103.7;;103;;category;g;Ciclistas invadiendo las vías exclusivas de los(as) peatones(as);g. Ciclistas invadiendo las vías exclusivas de los(as) peatones(as);;1;;;
135;477;RJ;P103.8;;103;;category;h;Peatones(as) invadiendo las vías exclusivas de los(as) ciclistas;h. Peatones(as) invadiendo las vías exclusivas de los(as) ciclistas;;1;;;
135;478;RK;P103.9;;103;;category;i;Motos o carros invadiendo las vías exclusivas de los(as) ciclistas;i. Motos o carros invadiendo las vías exclusivas de los(as) ciclistas;;1;;;
135;479;RL;P103.10;;103;;category;j;Motos o carros invadiendo los andenes;j. Motos o carros invadiendo los andenes;;1;;;
135;480;RM;P103.11;;103;;category;k;Vendedores informales invadiendo los bicicarriles;k. Vendedores informales invadiendo los bicicarriles;;1;;;
136;481;RN;P104.1;;104;;category;;Evadir el pago del pasaje en Transmilenio;Evadir el pago del pasaje en Transmilenio;;1;;;
136;482;RO;P104.2;;104;;category;;Pasarse un semáforo en rojo en la vía;Pasarse un semáforo en rojo en la vía;;1;;;
137;483;RP;P105.1;;105;;category;a;“Bogotá es una ciudad que promueve el uso y disfrute de la bicicleta”;a. “Bogotá es una ciudad que promueve el uso y disfrute de la bicicleta”;;1;;;
138;484;RQ;P106;;106;;category;;;;;1;;;
139;485;RR;P107;;107;;number;;;;;1;;necesidad de Metro;1 a 5
140;486;RS;P108;;108;;category;;;;;1;;;
141;487;RT;P109;;109;;category;;;;;1;;;
142;488;RU;P110.1;;110;;category;a;Promueve el autocuidado y es solidario(a) con las necesidades de otros.;a. Promueve el autocuidado y es solidario(a) con las necesidades de otros.;;1;;;
142;489;RV;P110.2;;110;;category;b;Reconoce, respeta y valora la diferencia como una riqueza de la ciudad.;b. Reconoce, respeta y valora la diferencia como una riqueza de la ciudad.;;1;;;
142;490;RW;P110.3;;110;;category;c;Cuida, valora y protege su bienestar físico, emocional y mental, y el de los demás;c. Cuida, valora y protege su bienestar físico, emocional y mental, y el de los demás;;1;;;
142;491;RX;P110.4;;110;;category;d;Es consciente de la necesidad de construir una ciudad más tranquila, calmada, serena, pacíca y amable;d. Es consciente de la necesidad de construir una ciudad más tranquila, calmada, serena, pacíca y amable;;1;;;
142;492;RY;P110.5;;110;;category;e;Es consciente de la necesidad de respetar y valorar las diferencias culturales de la ciudad.;e. Es consciente de la necesidad de respetar y valorar las diferencias culturales de la ciudad.;;1;;;
142;493;RZ;P110.6;;110;;category;f;Respeta la libertad individual y el libre desarrollo de la personalidad, respetando los distintos puntos de vista y;f. Respeta la libertad individual y el libre desarrollo de la personalidad, respetando los distintos puntos de vista y;;1;;;
142;494;SA;P110.7;;110;;category;g;Las personas tienen conanza en sí mismas.;g. Las personas tienen conanza en sí mismas.;;1;;;
142;495;SB;P110.8;;110;;category;h;Las personas confían en los otros.;h. Las personas confían en los otros.;;1;;;
142;496;SC;P110.9;;110;;category;i;Las personas contribuyen a disminuir el caos de la ciudad mejorando las relaciones de convivencia con los otros..;i. Las personas contribuyen a disminuir el caos de la ciudad mejorando las relaciones de convivencia con los otros..;;1;;;
142;497;SD;P110.10;;110;;category;j;Las personas tienen la capacidad de tramitar sin agresión los conictos con las otras personas.;j. Las personas tienen la capacidad de tramitar sin agresión los conictos con las otras personas.;;1;;;
142;498;SE;P110.11;;110;;category;k;La ciudadanía valora la creatividad.;k. La ciudadanía valora la creatividad.;;1;;;
142;499;SF;P110.12;;110;;category;l;Las personas se sienten parte de una comunidad.;l. Las personas se sienten parte de una comunidad.;;1;;;
143;500;SG;D1;;D1;Sexo;category;;;;;1;IndicadorI+C;;
144;501;SH;D2;;D2;;category;;;;;1;;;
145;502;SI;D3;;D3;Edad;number;;Edad;Edad;;1;IndicadorI+C;Edad;años
146;503;SJ;D3_1;;D3.1;Grupo de edad;category;;Grupo de edad;Grupo de edad;;1;;;
147;504;SK;D4;;D4;;category;;;;;1;;;
148;505;SL;D5;;D5;Años viviendo en Bogotá;number;;Años viviendo en Bogotá;Años viviendo en Bogotá;;1;;Viviendo en Bogotá;años
149;506;SM;D6;;D6;;category;;;;;1;;;
150;507;SN;D7;;D7;;category;;;;;1;;;
151;508;SO;D8;;D8;;category;;Actividad principal;Actividad principal;;1;;;
151;509;SP;D8.1;;D8;;category;;;;;0;;;
153;510;SQ;D9;;D9;;category;;;;;1;;;
154;511;SR;D10;;D10;;category;;;;;1;;;
155;512;SS;D11.1;;D11;;category;;Moverse o caminar;Moverse o caminar;;1;;;
155;513;ST;D11.2;;D11;;category;;Usar sus brazos o manos;Usar sus brazos o manos;;1;;;
155;514;SU;D11.3;;D11;;category;;Ver, a pesar de usar lentes o gafas;Ver, a pesar de usar lentes o gafas;;1;;;
155;515;SV;D11.4;;D11;;category;;Oír, aún con aparatos especiales;Oír, aún con aparatos especiales;;1;;;
155;516;SW;D11.5;;D11;;category;;Hablar;Hablar;;1;;;
155;517;SX;D11.6;;D11;;category;;Entender o aprender;Entender o aprender;;1;;;
155;518;SY;D11.7;;D11;;category;;Relacionarse con otras personas por problemas mentales o emocionales;Relacionarse con otras personas por problemas mentales o emocionales;;1;;;
155;519;SZ;D11.8;;D11;;category;;Bañarse, vestirse, alimentarse sin ayuda de alguien más;Bañarse, vestirse, alimentarse sin ayuda de alguien más;;1;;;
155;520;TA;D11.9;;D11;;category;;Otra;Otra;;1;;;
155;521;TB;D11.11;;D11;;category;;Ninguna de las anteriores;Ninguna de las anteriores;;1;;;
156;522;TC;D12;;D12;;category;;Por último, ¿estaría dispuesto(a) a responder una pregunta sobre su sexualidad? Si NO está dispuesto(a), termine la encuesta. Si dice estar dispuesto(a) a responder, por favor pásele el formulario al/la encuestado(a) y que sea él/ella quien marque las opciones libremente.;Por último, ¿estaría dispuesto(a) a responder una pregunta sobre su sexualidad? Si NO está dispuesto(a), termine la encuesta. Si dice estar dispuesto(a) a responder, por favor pásele el formulario al/la encuestado(a) y que sea él/ella quien marque las opciones libremente.;;1;;;
156;523;TD;D12.1;;D12;;category;;Hombre;Hombre;;1;;;
156;524;TE;D12.2;;D12;;category;;Mujer;Mujer;;1;;;
156;525;TF;D12.3;;D12;;category;;Intersexual;Intersexual;;1;;;
156;526;TG;D12.4;;D12;;category;;De identidad femenina;De identidad femenina;;1;;;
156;527;TH;D12.5;;D12;;category;;De identidad masculina;De identidad masculina;;1;;;
156;528;TI;D12.6;;D12;;category;;De identidad transgénero;De identidad transgénero;;1;;;
156;529;TJ;D12.7;;D12;;category;;Lesbiana;Lesbiana;;1;;;
156;530;TK;D12.8;;D12;;category;;Gay;Gay;;1;;;
156;531;TL;D12.9;;D12;;category;;Bisexual;Bisexual;;1;;;
156;532;TM;D12.10;;D12;;category;;Heterosexual;Heterosexual;;1;;;
156;533;TN;D12.11;;D12;;category;;Ninguno;Ninguno;;1;;;
158;534;TO;D13;;D13;;category;;¿Usted tiene hijos?;¿Usted tiene hijos?;;1;;;
159;535;TP;D14;;D14;;category;;Su nivel de ingreso se encuentra entre:;Su nivel de ingreso se encuentra entre:;;1;;ingresos;COP/mes
160;536;TQ;FACTOR;;R3;Factor de expansión;number;;;;;1;IndicadorI+C;;personas
;;;;;;;;;;;;;;;
;;;;;;;;;;;;;;;
;;;;;;;;;;;;;;;
;;;;;;;;;;;;;;;
;;;;;;;;;;;;;;;
;;;;;;;;;;;;;;;
;;;;;;;;;;;;;;;
;;;;;;;;;;;;;;;
;;;;;;;;;;;;;;;
;;;;;;;;;;;;;;;
;;;;;;;;;;;;;;;
;;;;;;;;;;;;;;;
;;;;;;;;;;;;;;;
;;;;;;;;;;;;;;;
;;;;;;;;;;;;;;;
;;;;;;;;;;;;;;;
;;;;;;;;;;;;;;;
;;;;;;;;;;;;;;;
;;;;;;;;;;;;;;;
;;;;;;;;;;;;;;;
;;;;;;;;;;;;;;;
;;;;;;;;;;;;;;;
;;;;;;;;;;;;;;;
;;;;;;;;;;;;;;;
;;;;;;;;;;;;;;;
;;;;;;;;;;;;;;;
;;;;;;;;;;;;;;;
;;;;;;;;;;;;;;;
;;;;;;;;;;;;;;;
;;;;;;;;;;;;;;;
;;;;;;;;;;;;;;;
;;;;;;;;;;;;;;;
;;;;;;;;;;;;;;;
;;;;;;;;;;;;;;;
;;;;;;;;;;;;;;;
;;;;;;;;;;;;;;;
;;;;;;;;;;;;;;;
;;;;;;;;;;;;;;;
;;;;;;;;;;;;;;;
;;;;;;;;;;;;;;;
;;;;;;;;;;;;;;;
;;;;;;;;;;;;;;;
;;;;;;;;;;;;;;;
;;;;;;;;;;;;;;;
;;;;;;;;;;;;;;;
;;;;;;;;;;;;;;;
;;;;;;;;;;;;;;;
;;;;;;;;;;;;;;;
;;;;;;;;;;;;;;;
;;;;;;;;;;;;;;;
;;;;;;;;;;;;;;;
;;;;;;;;;;;;;;;
;;;;;;;;;;;;;;;
;;;;;;;;;;;;;;;
;;;;;;;;;;;;;;;
;;;;;;;;;;;;;;;
;;;;;;;;;;;;;;;
;;;;;;;;;;;;;;;
;;;;;;;;;;;;;;;
;;;;;;;;;;;;;;;
;;;;;;;;;;;;;;;
;;;;;;;;;;;;;;;
;;;;;;;;;;;;;;;
;;;;;;;;;;;;;;;
;;;;;;;;;;;;;;;
;;;;;;;;;;;;;;;
;;;;;;;;;;;;;;;
;;;;;;;;;;;;;;;
;;;;;;;;;;;;;;;
;;;;;;;;;;;;;;;
;;;;;;;;;;;;;;;
;;;;;;;;;;;;;;;
;;;;;;;;;;;;;;;
;;;;;;;;;;;;;;;
;;;;;;;;;;;;;;;
;;;;;;;;;;;;;;;
;;;;;;;;;;;;;;;
;;;;;;;;;;;;;;;
;;;;;;;;;;;;;;;
;;;;;;;;;;;;;;;
;;;;;;;;;;;;;;;
;;;;;;;;;;;;;;;
;;;;;;;;;;;;;;;
;;;;;;;;;;;;;;;
;;;;;;;;;;;;;;;
;;;;;;;;;;;;;;;
;;;;;;;;;;;;;;;
;;;;;;;;;;;;;;;
;;;;;;;;;;;;;;;
;;;;;;;;;;;;;;;
;;;;;;;;;;;;;;;
;;;;;;;;;;;;;;;
;;;;;;;;;;;;;;;
;;;;;;;;;;;;;;;
;;;;;;;;;;;;;;;
;;;;;;;;;;;;;;;
;;;;;;;;;;;;;;;
;;;;;;;;;;;;;;;
;;;;;;;;;;;;;;;
;;;;;;;;;;;;;;;
;;;;;;;;;;;;;;;
;;;;;;;;;;;;;;;
;;;;;;;;;;;;;;;
;;;;;;;;;;;;;;;
;;;;;;;;;;;;;;;
;;;;;;;;;;;;;;;
;;;;;;;;;;;;;;;
;;;;;;;;;;;;;;;
;;;;;;;;;;;;;;;
;;;;;;;;;;;;;;;
;;;;;;;;;;;;;;;
;;;;;;;;;;;;;;;
;;;;;;;;;;;;;;;
;;;;;;;;;;;;;;;
;;;;;;;;;;;;;;;
;;;;;;;;;;;;;;;
;;;;;;;;;;;;;;;
;;;;;;;;;;;;;;;
;;;;;;;;;;;;;;;
;;;;;;;;;;;;;;;
;;;;;;;;;;;;;;;
;;;;;;;;;;;;;;;
;;;;;;;;;;;;;;;
;;;;;;;;;;;;;;;
;;;;;;;;;;;;;;;
;;;;;;;;;;;;;;;
;;;;;;;;;;;;;;;
;;;;;;;;;;;;;;;
;;;;;;;;;;;;;;;
;;;;;;;;;;;;;;;
;;;;;;;;;;;;;;;
;;;;;;;;;;;;;;;
;;;;;;;;;;;;;;;
;;;;;;;;;;;;;;;
;;;;;;;;;;;;;;;
;;;;;;;;;;;;;;;
;;;;;;;;;;;;;;;
;;;;;;;;;;;;;;;
;;;;;;;;;;;;;;;
;;;;;;;;;;;;;;;
;;;;;;;;;;;;;;;
;;;;;;;;;;;;;;;
;;;;;;;;;;;;;;;
;;;;;;;;;;;;;;;
;;;;;;;;;;;;;;;
;;;;;;;;;;;;;;;
;;;;;;;;;;;;;;;
;;;;;;;;;;;;;;;
;;;;;;;;;;;;;;;
;;;;;;;;;;;;;;;
;;;;;;;;;;;;;;;
;;;;;;;;;;;;;;;
;;;;;;;;;;;;;;;
;;;;;;;;;;;;;;;
;;;;;;;;;;;;;;;
;;;;;;;;;;;;;;;
;;;;;;;;;;;;;;;
;;;;;;;;;;;;;;;
;;;;;;;;;;;;;;;
;;;;;;;;;;;;;;;
;;;;;;;;;;;;;;;
;;;;;;;;;;;;;;;
;;;;;;;;;;;;;;;
;;;;;;;;;;;;;;;
;;;;;;;;;;;;;;;
;;;;;;;;;;;;;;;
;;;;;;;;;;;;;;;
;;;;;;;;;;;;;;;
;;;;;;;;;;;;;;;
;;;;;;;;;;;;;;;
;;;;;;;;;;;;;;;
;;;;;;;;;;;;;;;
;;;;;;;;;;;;;;;
;;;;;;;;;;;;;;;
;;;;;;;;;;;;;;;
;;;;;;;;;;;;;;;
;;;;;;;;;;;;;;;
;;;;;;;;;;;;;;;
;;;;;;;;;;;;;;;
;;;;;;;;;;;;;;;
;;;;;;;;;;;;;;;
;;;;;;;;;;;;;;;
;;;;;;;;;;;;;;;
;;;;;;;;;;;;;;;
;;;;;;;;;;;;;;;
;;;;;;;;;;;;;;;
;;;;;;;;;;;;;;;
;;;;;;;;;;;;;;;
;;;;;;;;;;;;;;;
;;;;;;;;;;;;;;;
;;;;;;;;;;;;;;;
;;;;;;;;;;;;;;;
;;;;;;;;;;;;;;;
;;;;;;;;;;;;;;;
;;;;;;;;;;;;;;;
;;;;;;;;;;;;;;;
;;;;;;;;;;;;;;;
;;;;;;;;;;;;;;;
;;;;;;;;;;;;;;;
;;;;;;;;;;;;;;;
;;;;;;;;;;;;;;;
;;;;;;;;;;;;;;;
;;;;;;;;;;;;;;;
;;;;;;;;;;;;;;;
;;;;;;;;;;;;;;;
;;;;;;;;;;;;;;;
;;;;;;;;;;;;;;;
;;;;;;;;;;;;;;;
;;;;;;;;;;;;;;;
;;;;;;;;;;;;;;;
;;;;;;;;;;;;;;;
;;;;;;;;;;;;;;;
;;;;;;;;;;;;;;;
;;;;;;;;;;;;;;;
;;;;;;;;;;;;;;;
;;;;;;;;;;;;;;;
;;;;;;;;;;;;;;;
;;;;;;;;;;;;;;;
;;;;;;;;;;;;;;;
;;;;;;;;;;;;;;;
;;;;;;;;;;;;;;;
;;;;;;;;;;;;;;;
;;;;;;;;;;;;;;;
;;;;;;;;;;;;;;;
;;;;;;;;;;;;;;;
;;;;;;;;;;;;;;;
;;;;;;;;;;;;;;;
;;;;;;;;;;;;;;;
;;;;;;;;;;;;;;;
;;;;;;;;;;;;;;;
;;;;;;;;;;;;;;;
;;;;;;;;;;;;;;;
;;;;;;;;;;;;;;;
;;;;;;;;;;;;;;;
;;;;;;;;;;;;;;;
;;;;;;;;;;;;;;;
;;;;;;;;;;;;;;;
;;;;;;;;;;;;;;;
;;;;;;;;;;;;;;;
;;;;;;;;;;;;;;;
;;;;;;;;;;;;;;;
;;;;;;;;;;;;;;;
;;;;;;;;;;;;;;;
;;;;;;;;;;;;;;;
;;;;;;;;;;;;;;;
;;;;;;;;;;;;;;;
;;;;;;;;;;;;;;;
;;;;;;;;;;;;;;;
;;;;;;;;;;;;;;;
;;;;;;;;;;;;;;;
;;;;;;;;;;;;;;;
;;;;;;;;;;;;;;;
;;;;;;;;;;;;;;;
;;;;;;;;;;;;;;;
;;;;;;;;;;;;;;;
;;;;;;;;;;;;;;;
;;;;;;;;;;;;;;;
;;;;;;;;;;;;;;;
;;;;;;;;;;;;;;;
;;;;;;;;;;;;;;;
;;;;;;;;;;;;;;;
;;;;;;;;;;;;;;;
;;;;;;;;;;;;;;;
;;;;;;;;;;;;;;;
;;;;;;;;;;;;;;;
;;;;;;;;;;;;;;;
;;;;;;;;;;;;;;;
;;;;;;;;;;;;;;;
;;;;;;;;;;;;;;;
;;;;;;;;;;;;;;;
;;;;;;;;;;;;;;;
;;;;;;;;;;;;;;;
;;;;;;;;;;;;;;;
;;;;;;;;;;;;;;;
;;;;;;;;;;;;;;;
;;;;;;;;;;;;;;;
;;;;;;;;;;;;;;;
;;;;;;;;;;;;;;;
;;;;;;;;;;;;;;;
;;;;;;;;;;;;;;;
;;;;;;;;;;;;;;;
;;;;;;;;;;;;;;;
;;;;;;;;;;;;;;;
;;;;;;;;;;;;;;;
;;;;;;;;;;;;;;;
;;;;;;;;;;;;;;;
;;;;;;;;;;;;;;;
;;;;;;;;;;;;;;;
;;;;;;;;;;;;;;;
;;;;;;;;;;;;;;;
;;;;;;;;;;;;;;;
;;;;;;;;;;;;;;;
;;;;;;;;;;;;;;;
;;;;;;;;;;;;;;;
;;;;;;;;;;;;;;;
;;;;;;;;;;;;;;;
;;;;;;;;;;;;;;;
;;;;;;;;;;;;;;;
;;;;;;;;;;;;;;;
;;;;;;;;;;;;;;;
;;;;;;;;;;;;;;;
;;;;;;;;;;;;;;;
;;;;;;;;;;;;;;;
;;;;;;;;;;;;;;;
;;;;;;;;;;;;;;;
;;;;;;;;;;;;;;;
;;;;;;;;;;;;;;;
;;;;;;;;;;;;;;;
;;;;;;;;;;;;;;;
;;;;;;;;;;;;;;;
;;;;;;;;;;;;;;;
;;;;;;;;;;;;;;;
;;;;;;;;;;;;;;;
;;;;;;;;;;;;;;;
;;;;;;;;;;;;;;;
;;;;;;;;;;;;;;;
;;;;;;;;;;;;;;;
;;;;;;;;;;;;;;;
;;;;;;;;;;;;;;;
;;;;;;;;;;;;;;;
;;;;;;;;;;;;;;;
;;;;;;;;;;;;;;;
;;;;;;;;;;;;;;;
;;;;;;;;;;;;;;;
;;;;;;;;;;;;;;;
;;;;;;;;;;;;;;;
;;;;;;;;;;;;;;;
;;;;;;;;;;;;;;;
;;;;;;;;;;;;;;;
;;;;;;;;;;;;;;;
;;;;;;;;;;;;;;;
;;;;;;;;;;;;;;;
;;;;;;;;;;;;;;;
;;;;;;;;;;;;;;;
;;;;;;;;;;;;;;;
;;;;;;;;;;;;;;;
;;;;;;;;;;;;;;;
;;;;;;;;;;;;;;;
;;;;;;;;;;;;;;;
;;;;;;;;;;;;;;;
;;;;;;;;;;;;;;;
;;;;;;;;;;;;;;;
;;;;;;;;;;;;;;;
;;;;;;;;;;;;;;;
;;;;;;;;;;;;;;;
;;;;;;;;;;;;;;;
;;;;;;;;;;;;;;;
;;;;;;;;;;;;;;;
;;;;;;;;;;;;;;;
;;;;;;;;;;;;;;;
;;;;;;;;;;;;;;;
;;;;;;;;;;;;;;;
;;;;;;;;;;;;;;;
;;;;;;;;;;;;;;;
;;;;;;;;;;;;;;;
;;;;;;;;;;;;;;;
;;;;;;;;;;;;;;;
;;;;;;;;;;;;;;;
;;;;;;;;;;;;;;;
;;;;;;;;;;;;;;;
;;;;;;;;;;;;;;;
;;;;;;;;;;;;;;;
;;;;;;;;;;;;;;;
;;;;;;;;;;;;;;;
;;;;;;;;;;;;;;;
;;;;;;;;;;;;;;;
;;;;;;;;;;;;;;;
;;;;;;;;;;;;;;;
;;;;;;;;;;;;;;;
;;;;;;;;;;;;;;;
;;;;;;;;;;;;;;;
;;;;;;;;;;;;;;;
;;;;;;;;;;;;;;;
;;;;;;;;;;;;;;;
;;;;;;;;;;;;;;;
;;;;;;;;;;;;;;;
;;;;;;;;;;;;;;;
;;;;;;;;;;;;;;;
;;;;;;;;;;;;;;;
;;;;;;;;;;;;;;;
;;;;;;;;;;;;;;;
;;;;;;;;;;;;;;;
;;;;;;;;;;;;;;;
;;;;;;;;;;;;;;;
;;;;;;;;;;;;;;;
;;;;;;;;;;;;;;;
;;;;;;;;;;;;;;;
;;;;;;;;;;;;;;;
;;;;;;;;;;;;;;;
;;;;;;;;;;;;;;;
;;;;;;;;;;;;;;;
;;;;;;;;;;;;;;;
;;;;;;;;;;;;;;;
;;;;;;;;;;;;;;;
;;;;;;;;;;;;;;;
;;;;;;;;;;;;;;;
;;;;;;;;;;;;;;;
;;;;;;;;;;;;;;;
;;;;;;;;;;;;;;;
;;;;;;;;;;;;;;;
;;;;;;;;;;;;;;;
;;;;;;;;;;;;;;;
;;;;;;;;;;;;;;;
;;;;;;;;;;;;;;;
;;;;;;;;;;;;;;;
;;;;;;;;;;;;;;;
;;;;;;;;;;;;;;;
;;;;;;;;;;;;;;;
;;;;;;;;;;;;;;;
;;;;;;;;;;;;;;;
;;;;;;;;;;;;;;;
;;;;;;;;;;;;;;;
;;;;;;;;;;;;;;;
;;;;;;;;;;;;;;;
;;;;;;;;;;;;;;;
;;;;;;;;;;;;;;;
;;;;;;;;;;;;;;;
;;;;;;;;;;;;;;;
;;;;;;;;;;;;;;;
;;;;;;;;;;;;;;;
;;;;;;;;;;;;;;;
;;;;;;;;;;;;;;;
;;;;;;;;;;;;;;;
;;;;;;;;;;;;;;;
;;;;;;;;;;;;;;;
;;;;;;;;;;;;;;;
;;;;;;;;;;;;;;;
;;;;;;;;;;;;;;;
;;;;;;;;;;;;;;;
;;;;;;;;;;;;;;;
;;;;;;;;;;;;;;;
;;;;;;;;;;;;;;;
;;;;;;;;;;;;;;;
;;;;;;;;;;;;;;;
;;;;;;;;;;;;;;;
;;;;;;;;;;;;;;;
;;;;;;;;;;;;;;;
;;;;;;;;;;;;;;;
;;;;;;;;;;;;;;;
;;;;;;;;;;;;;;;
;;;;;;;;;;;;;;;
;;;;;;;;;;;;;;;
;;;;;;;;;;;;;;;
;;;;;;;;;;;;;;;
;;;;;;;;;;;;;;;
;;;;;;;;;;;;;;;
;;;;;;;;;;;;;;;
;;;;;;;;;;;;;;;
;;;;;;;;;;;;;;;
;;;;;;;;;;;;;;;
;;;;;;;;;;;;;;;
;;;;;;;;;;;;;;;
;;;;;;;;;;;;;;;
;;;;;;;;;;;;;;;
;;;;;;;;;;;;;;;
;;;;;;;;;;;;;;;
;;;;;;;;;;;;;;;
;;;;;;;;;;;;;;;
;;;;;;;;;;;;;;;
;;;;;;;;;;;;;;;
;;;;;;;;;;;;;;;
;;;;;;;;;;;;;;;
