Codigo;Area;Total Poblacion;Proporción;Casos;Tipo;Año
1;Usaquén;209;70.3;147;Exceso;2011
2;Chapinero;107;70.1;75;Exceso;2011
3;Santa Fe;148;74.3;110;Exceso;2011
4;San Cristóbal;385;72.5;279;Exceso;2011
5;Usme;141;82.3;116;Exceso;2011
6;Tunjuelito;219;67.1;147;Exceso;2011
7;Bosa;1412;70.0;988;Exceso;2011
8;Kennedy;397;74.8;297;Exceso;2011
9;Fontibón;44;79.5;35;Exceso;2011
10;Engativá;137;68.6;94;Exceso;2011
11;Suba;123;75.6;93;Exceso;2011
12;Barrios Unidos;103;71.8;74;Exceso;2011
13;Teusaquillo;32;65.6;21;Exceso;2011
14;Los Mártires;59;71.2;42;Exceso;2011
15;Antonio Nariño;72;80.6;58;Exceso;2011
16;Puente Aranda;163;76.7;125;Exceso;2011
17;La Candelaria;54;83.3;45;Exceso;2011
18;Rafael Uribe Uribe;290;73.8;214;Exceso;2011
19;Ciudad Bolívar;109;75.2;82;Exceso;2011
20;Sumapaz;105;57.1;60;Exceso;2011
99;Localidad Desconocida;129;66.7;86;Exceso;2011
0;Distrito;4438;71.8;3188;Exceso;2011
1;Usaquén;209;0.0;0;Delgadez;2011
2;Chapinero;107;0.0;0;Delgadez;2011
3;Santa Fe;148;1.4;2;Delgadez;2011
4;San Cristóbal;385;1.3;5;Delgadez;2011
5;Usme;141;0.7;1;Delgadez;2011
6;Tunjuelito;219;2.7;6;Delgadez;2011
7;Bosa;1412;0.6;9;Delgadez;2011
8;Kennedy;397;1.3;5;Delgadez;2011
9;Fontibón;44;0.0;0;Delgadez;2011
10;Engativá;137;1.5;2;Delgadez;2011
11;Suba;123;0.8;1;Delgadez;2011
12;Barrios Unidos;103;1.0;1;Delgadez;2011
13;Teusaquillo;32;0.0;0;Delgadez;2011
14;Los Mártires;59;0.0;0;Delgadez;2011
15;Antonio Nariño;72;1.4;1;Delgadez;2011
16;Puente Aranda;163;0.0;0;Delgadez;2011
17;La Candelaria;54;1.9;1;Delgadez;2011
18;Rafael Uribe Uribe;290;0.0;0;Delgadez;2011
19;Ciudad Bolívar;109;0.0;0;Delgadez;2011
20;Sumapaz;105;2.9;3;Delgadez;2011
99;Localidad Desconocida;129;1.6;2;Delgadez;2011
0;Distrito;4438;0.9;39;Delgadez;2011
1;Usaquén;595;71.9;428;Exceso;2012
2;Chapinero;373;70.2;262;Exceso;2012
3;Santa Fe;541;73.8;399;Exceso;2012
4;San Cristóbal;582;69.1;402;Exceso;2012
5;Usme;470;71.5;336;Exceso;2012
6;Tunjuelito;606;70.8;429;Exceso;2012
7;Bosa;2062;72.4;1493;Exceso;2012
8;Kennedy;1911;72.2;1379;Exceso;2012
9;Fontibón;420;76.4;321;Exceso;2012
10;Engativá;784;72.7;570;Exceso;2012
11;Suba;859;70.9;609;Exceso;2012
12;Barrios Unidos;384;69.8;268;Exceso;2012
13;Teusaquillo;193;69.9;135;Exceso;2012
14;Los Mártires;220;70.5;155;Exceso;2012
15;Antonio Nariño;123;74.8;92;Exceso;2012
16;Puente Aranda;670;73.4;492;Exceso;2012
17;La Candelaria;223;70.0;156;Exceso;2012
18;Rafael Uribe Uribe;472;72.5;342;Exceso;2012
19;Ciudad Bolívar;896;73.0;654;Exceso;2012
20;Sumapaz;116;81.0;94;Exceso;2012
99;Localidad Desconocida;187;75.4;141;Exceso;2012
0;Distrito;12687;72.2;9157;Exceso;2012
1;Usaquén;595;0.5;3;Delgadez;2012
2;Chapinero;373;1.3;5;Delgadez;2012
3;Santa Fe;541;1.1;6;Delgadez;2012
4;San Cristóbal;582;0.7;4;Delgadez;2012
5;Usme;470;1.5;7;Delgadez;2012
6;Tunjuelito;606;0.5;3;Delgadez;2012
7;Bosa;2062;0.5;10;Delgadez;2012
8;Kennedy;1911;0.8;16;Delgadez;2012
9;Fontibón;420;0.7;3;Delgadez;2012
10;Engativá;784;0.5;4;Delgadez;2012
11;Suba;859;1.2;10;Delgadez;2012
12;Barrios Unidos;384;0.5;2;Delgadez;2012
13;Teusaquillo;193;0.5;1;Delgadez;2012
14;Los Mártires;220;2.3;5;Delgadez;2012
15;Antonio Nariño;123;0.0;0;Delgadez;2012
16;Puente Aranda;670;0.3;2;Delgadez;2012
17;La Candelaria;223;0.4;1;Delgadez;2012
18;Rafael Uribe Uribe;472;0.2;1;Delgadez;2012
19;Ciudad Bolívar;896;0.9;8;Delgadez;2012
20;Sumapaz;116;0.0;0;Delgadez;2012
99;Localidad Desconocida;187;0.5;1;Delgadez;2012
0;Distrito;12687;0.7;92;Delgadez;2012
1;Usaquén;1054;71.5;754;Exceso;2013
2;Chapinero;538;70.1;377;Exceso;2013
3;Santa Fe;681;71.4;486;Exceso;2013
4;San Cristóbal;792;72.0;570;Exceso;2013
5;Usme;920;71.2;655;Exceso;2013
6;Tunjuelito;1021;71.2;727;Exceso;2013
7;Bosa;1802;73.1;1317;Exceso;2013
8;Kennedy;2635;70.9;1867;Exceso;2013
9;Fontibón;1356;70.3;953;Exceso;2013
10;Engativá;1022;71.9;735;Exceso;2013
11;Suba;1546;70.2;1086;Exceso;2013
12;Barrios Unidos;441;74.4;328;Exceso;2013
13;Teusaquillo;510;75.1;383;Exceso;2013
14;Los Mártires;403;76.2;307;Exceso;2013
15;Antonio Nariño;226;74.3;168;Exceso;2013
16;Puente Aranda;929;71.2;661;Exceso;2013
17;La Candelaria;313;72.8;228;Exceso;2013
18;Rafael Uribe Uribe;839;73.2;614;Exceso;2013
19;Ciudad Bolívar;1164;72.5;844;Exceso;2013
20;Sumapaz;115;64.3;74;Exceso;2013
99;Localidad Desconocida;290;65.2;189;Exceso;2013
0;Distrito;18597;71.6;13323;Exceso;2013
1;Usaquén;1054;1.1;12;Delgadez;2013
2;Chapinero;538;0.9;5;Delgadez;2013
3;Santa Fe;681;1.2;8;Delgadez;2013
4;San Cristóbal;792;1.0;8;Delgadez;2013
5;Usme;920;1.1;10;Delgadez;2013
6;Tunjuelito;1021;0.8;8;Delgadez;2013
7;Bosa;1802;0.7;13;Delgadez;2013
8;Kennedy;2635;0.8;20;Delgadez;2013
9;Fontibón;1356;1.4;19;Delgadez;2013
10;Engativá;1022;0.8;8;Delgadez;2013
11;Suba;1546;1.0;16;Delgadez;2013
12;Barrios Unidos;441;1.1;5;Delgadez;2013
13;Teusaquillo;510;0.8;4;Delgadez;2013
14;Los Mártires;403;0.7;3;Delgadez;2013
15;Antonio Nariño;226;0.9;2;Delgadez;2013
16;Puente Aranda;929;1.2;11;Delgadez;2013
17;La Candelaria;313;0.3;1;Delgadez;2013
18;Rafael Uribe Uribe;839;0.8;7;Delgadez;2013
19;Ciudad Bolívar;1164;0.6;7;Delgadez;2013
20;Sumapaz;115;0.9;1;Delgadez;2013
99;Localidad Desconocida;290;0.0;0;Delgadez;2013
0;Distrito;18597;0.9;168;Delgadez;2013
1;Usaquén;808;74.9;605;Exceso;2014
2;Chapinero;406;73.2;297;Exceso;2014
3;Santa Fe;659;72.7;479;Exceso;2014
4;San Cristóbal;827;71.5;591;Exceso;2014
5;Usme;786;70.5;554;Exceso;2014
6;Tunjuelito;729;71.6;522;Exceso;2014
7;Bosa;2011;71.4;1436;Exceso;2014
8;Kennedy;1966;71.5;1406;Exceso;2014
9;Fontibón;1120;72.9;816;Exceso;2014
10;Engativá;839;73.1;613;Exceso;2014
11;Suba;1496;72.0;1077;Exceso;2014
12;Barrios Unidos;321;71.3;229;Exceso;2014
13;Teusaquillo;369;72.1;266;Exceso;2014
14;Los Mártires;453;70.2;318;Exceso;2014
15;Antonio Nariño;227;73.6;167;Exceso;2014
16;Puente Aranda;697;74.7;521;Exceso;2014
17;La Candelaria;269;75.1;202;Exceso;2014
18;Rafael Uribe Uribe;847;74.6;632;Exceso;2014
19;Ciudad Bolívar;720;70.6;508;Exceso;2014
20;Sumapaz;111;74.8;83;Exceso;2014
99;Localidad Desconocida;776;70.2;545;Exceso;2014
0;Distrito;16437;72.2;11867;Exceso;2014
1;Usaquén;808;0.7;6;Delgadez;2014
2;Chapinero;406;0.2;1;Delgadez;2014
3;Santa Fe;659;1.4;9;Delgadez;2014
4;San Cristóbal;827;1.0;8;Delgadez;2014
5;Usme;786;0.8;6;Delgadez;2014
6;Tunjuelito;729;0.4;3;Delgadez;2014
7;Bosa;2011;0.8;16;Delgadez;2014
8;Kennedy;1966;1.0;19;Delgadez;2014
9;Fontibón;1120;0.9;10;Delgadez;2014
10;Engativá;839;0.8;7;Delgadez;2014
11;Suba;1496;1.1;17;Delgadez;2014
12;Barrios Unidos;321;0.9;3;Delgadez;2014
13;Teusaquillo;369;1.1;4;Delgadez;2014
14;Los Mártires;453;0.9;4;Delgadez;2014
15;Antonio Nariño;227;2.2;5;Delgadez;2014
16;Puente Aranda;697;0.6;4;Delgadez;2014
17;La Candelaria;269;1.9;5;Delgadez;2014
18;Rafael Uribe Uribe;847;0.8;7;Delgadez;2014
19;Ciudad Bolívar;720;0.6;4;Delgadez;2014
20;Sumapaz;111;0.0;0;Delgadez;2014
99;Localidad Desconocida;776;1.0;8;Delgadez;2014
0;Distrito;16437;0.9;146;Delgadez;2014
1;Usaquén;1059;72.0;763;Exceso;2015
2;Chapinero;314;69.4;218;Exceso;2015
3;Santa Fe;722;70.2;507;Exceso;2015
4;San Cristóbal;1086;71.9;781;Exceso;2015
5;Usme;952;71.5;681;Exceso;2015
6;Tunjuelito;1182;71.5;845;Exceso;2015
7;Bosa;2603;74.0;1927;Exceso;2015
8;Kennedy;1592;70.9;1128;Exceso;2015
9;Fontibón;1133;70.3;797;Exceso;2015
10;Engativá;1138;70.5;802;Exceso;2015
11;Suba;1472;74.5;1097;Exceso;2015
12;Barrios Unidos;306;77.8;238;Exceso;2015
13;Teusaquillo;335;76.1;255;Exceso;2015
14;Los Mártires;493;71.2;351;Exceso;2015
15;Antonio Nariño;320;75.6;242;Exceso;2015
16;Puente Aranda;800;73.8;590;Exceso;2015
17;La Candelaria;280;70.0;196;Exceso;2015
18;Rafael Uribe Uribe;1041;70.8;737;Exceso;2015
19;Ciudad Bolívar;1094;72.8;796;Exceso;2015
20;Sumapaz;68;63.2;43;Exceso;2015
99;Localidad Desconocida;1021;73.6;751;Exceso;2015
0;Distrito;19011;72.3;13745;Exceso;2015
1;Usaquén;1059;0.6;6;Delgadez;2015
2;Chapinero;314;1.0;3;Delgadez;2015
3;Santa Fe;722;0.6;4;Delgadez;2015
4;San Cristóbal;1086;0.5;5;Delgadez;2015
5;Usme;952;1.1;10;Delgadez;2015
6;Tunjuelito;1182;1.0;12;Delgadez;2015
7;Bosa;2603;0.7;18;Delgadez;2015
8;Kennedy;1592;0.6;10;Delgadez;2015
9;Fontibón;1133;1.0;11;Delgadez;2015
10;Engativá;1138;0.9;10;Delgadez;2015
11;Suba;1472;1.2;17;Delgadez;2015
12;Barrios Unidos;306;0.0;0;Delgadez;2015
13;Teusaquillo;335;0.6;2;Delgadez;2015
14;Los Mártires;493;1.4;7;Delgadez;2015
15;Antonio Nariño;320;0.0;0;Delgadez;2015
16;Puente Aranda;800;1.3;10;Delgadez;2015
17;La Candelaria;280;0.4;1;Delgadez;2015
18;Rafael Uribe Uribe;1041;1.3;14;Delgadez;2015
19;Ciudad Bolívar;1094;0.7;8;Delgadez;2015
20;Sumapaz;68;0.0;0;Delgadez;2015
99;Localidad Desconocida;1021;0.7;7;Delgadez;2015
0;Distrito;19011;0.8;155;Delgadez;2015
1;Usaquén;1110;71.5;794;Exceso;2016
2;Chapinero;417;66.9;279;Exceso;2016
3;Santa Fe;541;71.2;385;Exceso;2016
4;San Cristóbal;1149;69.7;801;Exceso;2016
5;Usme;1698;68.1;1156;Exceso;2016
6;Tunjuelito;1377;72.1;993;Exceso;2016
7;Bosa;2060;68.6;1413;Exceso;2016
8;Kennedy;1546;70.1;1083;Exceso;2016
9;Fontibón;1359;71.4;970;Exceso;2016
10;Engativá;965;70.1;676;Exceso;2016
11;Suba;1834;70.1;1285;Exceso;2016
12;Barrios Unidos;316;71.5;226;Exceso;2016
13;Teusaquillo;430;70.5;303;Exceso;2016
14;Los Mártires;483;73.5;355;Exceso;2016
15;Antonio Nariño;399;70.4;281;Exceso;2016
16;Puente Aranda;784;71.4;560;Exceso;2016
17;La Candelaria;258;65.1;168;Exceso;2016
18;Rafael Uribe Uribe;1154;71.0;819;Exceso;2016
19;Ciudad Bolívar;1679;70.5;1184;Exceso;2016
20;Sumapaz;56;67.9;38;Exceso;2016
99;Localidad Desconocida;779;68.3;532;Exceso;2016
0;Distrito;20394;70.1;14301;Exceso;2016
1;Usaquén;1110;1.2;13;Delgadez;2016
2;Chapinero;417;0.7;3;Delgadez;2016
3;Santa Fe;541;1.5;8;Delgadez;2016
4;San Cristóbal;1149;1.1;13;Delgadez;2016
5;Usme;1698;1.1;19;Delgadez;2016
6;Tunjuelito;1377;1.0;14;Delgadez;2016
7;Bosa;2060;1.3;27;Delgadez;2016
8;Kennedy;1546;1.2;18;Delgadez;2016
9;Fontibón;1359;1.0;14;Delgadez;2016
10;Engativá;965;1.5;14;Delgadez;2016
11;Suba;1834;0.9;16;Delgadez;2016
12;Barrios Unidos;316;1.6;5;Delgadez;2016
13;Teusaquillo;430;0.7;3;Delgadez;2016
14;Los Mártires;483;1.0;5;Delgadez;2016
15;Antonio Nariño;399;1.5;6;Delgadez;2016
16;Puente Aranda;784;0.8;6;Delgadez;2016
17;La Candelaria;258;0.0;0;Delgadez;2016
18;Rafael Uribe Uribe;1154;0.7;8;Delgadez;2016
19;Ciudad Bolívar;1679;1.0;16;Delgadez;2016
20;Sumapaz;56;0.0;0;Delgadez;2016
99;Localidad Desconocida;779;0.0;0;Delgadez;2016
0;Distrito;20394;1.0;208;Delgadez;2016
1;Usaquén;4051;65.5;2652;Exceso;2017
2;Chapinero;1577;66.6;1050;Exceso;2017
3;Santa Fe;2667;65.6;1749;Exceso;2017
4;San Cristóbal;5918;64.5;3816;Exceso;2017
5;Usme;5294;65.1;3449;Exceso;2017
6;Tunjuelito;7777;65.2;5071;Exceso;2017
7;Bosa;7029;65.1;4578;Exceso;2017
8;Kennedy;5750;64.2;3689;Exceso;2017
9;Fontibón;3712;63.4;2353;Exceso;2017
10;Engativá;2672;64.7;1729;Exceso;2017
11;Suba;4714;64.6;3047;Exceso;2017
12;Barrios Unidos;902;64.7;584;Exceso;2017
13;Teusaquillo;1564;62.9;983;Exceso;2017
14;Los Mártires;1272;62.1;790;Exceso;2017
15;Antonio Nariño;1231;65.9;811;Exceso;2017
16;Puente Aranda;3109;64.5;2004;Exceso;2017
17;La Candelaria;1542;66.4;1024;Exceso;2017
18;Rafael Uribe Uribe;4161;64.2;2673;Exceso;2017
19;Ciudad Bolívar;7304;64.7;4728;Exceso;2017
20;Sumapaz;131;67.9;89;Exceso;2017
99;Localidad Desconocida;905;64.1;580;Exceso;2017
0;Distrito;73282;64.7;47449;Exceso;2017
1;Usaquén;4051;4.7;192;Delgadez;2017
2;Chapinero;1577;4.3;68;Delgadez;2017
3;Santa Fe;2667;3.4;91;Delgadez;2017
4;San Cristóbal;5918;3.9;232;Delgadez;2017
5;Usme;5294;3.7;194;Delgadez;2017
6;Tunjuelito;7777;3.5;273;Delgadez;2017
7;Bosa;7029;4.4;312;Delgadez;2017
8;Kennedy;5750;3.9;226;Delgadez;2017
9;Fontibón;3712;5.1;189;Delgadez;2017
10;Engativá;2672;4.0;108;Delgadez;2017
11;Suba;4714;4.6;218;Delgadez;2017
12;Barrios Unidos;902;3.5;32;Delgadez;2017
13;Teusaquillo;1564;4.7;73;Delgadez;2017
14;Los Mártires;1272;4.6;58;Delgadez;2017
15;Antonio Nariño;1231;3.2;40;Delgadez;2017
16;Puente Aranda;3109;3.6;113;Delgadez;2017
17;La Candelaria;1542;3.0;47;Delgadez;2017
18;Rafael Uribe Uribe;4161;4.1;169;Delgadez;2017
19;Ciudad Bolívar;7304;4.9;358;Delgadez;2017
20;Sumapaz;131;3.8;5;Delgadez;2017
99;Localidad Desconocida;905;4.1;37;Delgadez;2017
0;Distrito;73282;4.1;3035;Delgadez;2017
1;Usaquén;3505;66.7;2337;Exceso;2018
2;Chapinero;1003;66.3;665;Exceso;2018
3;Santa Fe;1971;66.4;1308;Exceso;2018
4;San Cristóbal;6260;66.0;4132;Exceso;2018
5;Usme;4610;67.1;3092;Exceso;2018
6;Tunjuelito;4888;63.9;3123;Exceso;2018
7;Bosa;4562;66.2;3019;Exceso;2018
8;Kennedy;4319;67.7;2925;Exceso;2018
9;Fontibón;1732;65.4;1132;Exceso;2018
10;Engativá;3267;66.4;2168;Exceso;2018
11;Suba;3867;65.6;2538;Exceso;2018
12;Barrios Unidos;732;66.7;488;Exceso;2018
13;Teusaquillo;879;65.2;573;Exceso;2018
14;Los Mártires;792;68.1;539;Exceso;2018
15;Antonio Nariño;1253;65.4;819;Exceso;2018
16;Puente Aranda;1903;66.3;1261;Exceso;2018
17;La Candelaria;879;67.5;593;Exceso;2018
18;Rafael Uribe Uribe;4599;64.6;2969;Exceso;2018
19;Ciudad Bolívar;4793;65.5;3141;Exceso;2018
20;Sumapaz;123;69.1;85;Exceso;2018
99;Localidad Desconocida;34;67.6;23;Exceso;2018
0;Distrito;55971;66.0;36930;Exceso;2018
1;Usaquén;3505;1.2;41;Delgadez;2018
2;Chapinero;1003;1.0;10;Delgadez;2018
3;Santa Fe;1971;0.5;10;Delgadez;2018
4;San Cristóbal;6260;1.1;69;Delgadez;2018
5;Usme;4610;1.0;48;Delgadez;2018
6;Tunjuelito;4888;1.0;49;Delgadez;2018
7;Bosa;4562;1.0;47;Delgadez;2018
8;Kennedy;4319;1.2;53;Delgadez;2018
9;Fontibón;1732;1.2;21;Delgadez;2018
10;Engativá;3267;0.9;30;Delgadez;2018
11;Suba;3867;0.7;27;Delgadez;2018
12;Barrios Unidos;732;0.3;2;Delgadez;2018
13;Teusaquillo;879;1.1;10;Delgadez;2018
14;Los Mártires;792;0.9;7;Delgadez;2018
15;Antonio Nariño;1253;1.3;16;Delgadez;2018
16;Puente Aranda;1903;0.9;17;Delgadez;2018
17;La Candelaria;879;1.1;10;Delgadez;2018
18;Rafael Uribe Uribe;4599;1.1;51;Delgadez;2018
19;Ciudad Bolívar;4793;0.8;40;Delgadez;2018
20;Sumapaz;123;0.8;1;Delgadez;2018
99;Localidad Desconocida;34;0.0;0;Delgadez;2018
0;Distrito;55971;1.0;559;Delgadez;2018
1;Usaquén;4115;66.9;2752;Exceso;2019
2;Chapinero;967;66.7;645;Exceso;2019
3;Santa Fe;1922;65.3;1255;Exceso;2019
4;San Cristóbal;6477;68.5;4438;Exceso;2019
5;Usme;4899;66.8;3271;Exceso;2019
6;Tunjuelito;4125;67.8;2795;Exceso;2019
7;Bosa;4658;64.8;3018;Exceso;2019
8;Kennedy;4863;67.1;3262;Exceso;2019
9;Fontibón;1950;65.2;1271;Exceso;2019
10;Engativá;3711;65.3;2425;Exceso;2019
11;Suba;5353;65.5;3504;Exceso;2019
12;Barrios Unidos;774;69.0;534;Exceso;2019
13;Teusaquillo;925;66.8;618;Exceso;2019
14;Los Mártires;942;67.9;640;Exceso;2019
15;Antonio Nariño;1214;65.7;797;Exceso;2019
16;Puente Aranda;2052;67.8;1391;Exceso;2019
17;La Candelaria;811;69.8;566;Exceso;2019
18;Rafael Uribe Uribe;5186;67.4;3494;Exceso;2019
19;Ciudad Bolívar;6268;67.0;4199;Exceso;2019
20;Sumapaz;142;73.9;105;Exceso;2019
99;Localidad Desconocida;20;80.0;16;Exceso;2019
0;Distrito;61374;66.8;40996;Exceso;2019
1;Usaquén;4115;0.8;33;Delgadez;2019
2;Chapinero;967;1.9;18;Delgadez;2019
3;Santa Fe;1922;1.6;31;Delgadez;2019
4;San Cristóbal;6477;0.7;46;Delgadez;2019
5;Usme;4899;1.1;53;Delgadez;2019
6;Tunjuelito;4125;1.0;43;Delgadez;2019
7;Bosa;4658;1.2;54;Delgadez;2019
8;Kennedy;4863;0.8;38;Delgadez;2019
9;Fontibón;1950;1.4;27;Delgadez;2019
10;Engativá;3711;1.2;46;Delgadez;2019
11;Suba;5353;1.2;64;Delgadez;2019
12;Barrios Unidos;774;1.0;8;Delgadez;2019
13;Teusaquillo;925;1.6;15;Delgadez;2019
14;Los Mártires;942;0.7;7;Delgadez;2019
15;Antonio Nariño;1214;1.1;13;Delgadez;2019
16;Puente Aranda;2052;1.9;38;Delgadez;2019
17;La Candelaria;811;1.5;12;Delgadez;2019
18;Rafael Uribe Uribe;5186;1.1;57;Delgadez;2019
19;Ciudad Bolívar;6268;0.8;50;Delgadez;2019
20;Sumapaz;142;0.7;1;Delgadez;2019
99;Localidad Desconocida;20;5.0;1;Delgadez;2019
0;Distrito;61374;1.1;655;Delgadez;2019
1;Usaquén;3191;61.4;1960;Exceso;2020
2;Chapinero;1365;69.3;946;Exceso;2020
3;Santa Fe;3712;66.0;2449;Exceso;2020
4;San Cristóbal;9945;70.0;6965;Exceso;2020
5;Usme;8006;70.0;5608;Exceso;2020
6;Tunjuelito;4338;66.1;2866;Exceso;2020
7;Bosa;7248;70.0;5076;Exceso;2020
8;Kennedy;8836;67.6;5973;Exceso;2020
9;Fontibón;3328;66.9;2228;Exceso;2020
10;Engativá;7217;69.3;4998;Exceso;2020
11;Suba;7092;68.7;4873;Exceso;2020
12;Barrios Unidos;1048;68.2;715;Exceso;2020
13;Teusaquillo;1605;65.6;1053;Exceso;2020
14;Los Mártires;1781;65.2;1161;Exceso;2020
15;Antonio Nariño;1887;66.3;1252;Exceso;2020
16;Puente Aranda;3308;65.5;2167;Exceso;2020
17;La Candelaria;814;67.0;545;Exceso;2020
18;Rafael Uribe Uribe;7176;67.9;4871;Exceso;2020
19;Ciudad Bolívar;10901;69.2;7543;Exceso;2020
20;Sumapaz;203;59.1;120;Exceso;2020
99;Localidad Desconocida;629;71.2;448;Exceso;2020
0;Distrito;93630;68.2;63817;Exceso;2020
1;Usaquén;3191;0.9;29;Delgadez;2020
2;Chapinero;1365;1.0;14;Delgadez;2020
3;Santa Fe;3712;1.5;57;Delgadez;2020
4;San Cristóbal;9945;0.7;71;Delgadez;2020
5;Usme;8006;0.8;68;Delgadez;2020
6;Tunjuelito;4338;1.0;42;Delgadez;2020
7;Bosa;7248;1.3;92;Delgadez;2020
8;Kennedy;8836;1.1;98;Delgadez;2020
9;Fontibón;3328;1.3;42;Delgadez;2020
10;Engativá;7217;0.8;55;Delgadez;2020
11;Suba;7092;0.6;41;Delgadez;2020
12;Barrios Unidos;1048;0.7;7;Delgadez;2020
13;Teusaquillo;1605;0.9;14;Delgadez;2020
14;Los Mártires;1781;1.3;23;Delgadez;2020
15;Antonio Nariño;1887;1.2;23;Delgadez;2020
16;Puente Aranda;3308;1.5;48;Delgadez;2020
17;La Candelaria;814;1.4;11;Delgadez;2020
18;Rafael Uribe Uribe;7176;1.0;75;Delgadez;2020
19;Ciudad Bolívar;10901;1.0;107;Delgadez;2020
20;Sumapaz;203;0.0;0;Delgadez;2020
99;Localidad Desconocida;629;0.8;5;Delgadez;2020
0;Distrito;93630;1.0;922;Delgadez;2020
1;Usaquén;7934;60.5;4804;Exceso;2021
2;Chapinero;3308;64.2;2125;Exceso;2021
3;Santa Fe;6906;65.9;4549;Exceso;2021
4;San Cristóbal;15170;69.3;10507;Exceso;2021
5;Usme;9413;70.2;6609;Exceso;2021
6;Tunjuelito;4898;65.2;3192;Exceso;2021
7;Bosa;14104;68.4;9641;Exceso;2021
8;Kennedy;17207;66.8;11489;Exceso;2021
9;Fontibón;9450;65.6;6201;Exceso;2021
10;Engativá;17233;65.8;11331;Exceso;2021
11;Suba;27303;64.6;17643;Exceso;2021
12;Barrios Unidos;2603;63.0;1639;Exceso;2021
13;Teusaquillo;3522;62.0;2185;Exceso;2021
14;Los Mártires;3738;64.5;2412;Exceso;2021
15;Antonio Nariño;3517;67.0;2357;Exceso;2021
16;Puente Aranda;5952;63.3;3768;Exceso;2021
17;La Candelaria;1594;64.2;1023;Exceso;2021
18;Rafael Uribe Uribe;12525;68.2;8547;Exceso;2021
19;Ciudad Bolívar;14552;70.1;10204;Exceso;2021
20;Sumapaz;218;67.9;148;Exceso;2021
99;Localidad Desconocida;7031;61.0;4287;Exceso;2021
0;Distrito;188178;66.2;124661;Exceso;2021
1;Usaquén;7934;1.1;84;Delgadez;2021
2;Chapinero;3308;1.5;49;Delgadez;2021
3;Santa Fe;6906;0.9;65;Delgadez;2021
4;San Cristóbal;15170;0.8;128;Delgadez;2021
5;Usme;9413;0.8;74;Delgadez;2021
6;Tunjuelito;4898;1.2;57;Delgadez;2021
7;Bosa;14104;1.0;147;Delgadez;2021
8;Kennedy;17207;1.3;229;Delgadez;2021
9;Fontibón;9450;1.0;93;Delgadez;2021
10;Engativá;17233;1.0;173;Delgadez;2021
11;Suba;27303;1.0;272;Delgadez;2021
12;Barrios Unidos;2603;1.5;40;Delgadez;2021
13;Teusaquillo;3522;1.1;39;Delgadez;2021
14;Los Mártires;3738;1.4;51;Delgadez;2021
15;Antonio Nariño;3517;1.0;35;Delgadez;2021
16;Puente Aranda;5952;1.6;93;Delgadez;2021
17;La Candelaria;1594;1.1;17;Delgadez;2021
18;Rafael Uribe Uribe;12525;1.1;140;Delgadez;2021
19;Ciudad Bolívar;14552;0.9;134;Delgadez;2021
20;Sumapaz;218;1.4;3;Delgadez;2021
99;Localidad Desconocida;7031;1.6;110;Delgadez;2021
0;Distrito;188178;1.1;2033;Delgadez;2021
1;Usaquén;27350;55.9;15279;Exceso;2022
2;Chapinero;18359;54.9;10088;Exceso;2022
3;Santa Fe;20481;58.7;12013;Exceso;2022
4;San Cristóbal;37454;62.3;23329;Exceso;2022
5;Usme;36545;58.9;21539;Exceso;2022
6;Tunjuelito;18123;57.9;10486;Exceso;2022
7;Bosa;48433;61.7;29888;Exceso;2022
8;Kennedy;65227;60.5;39464;Exceso;2022
9;Fontibón;35354;60.2;21283;Exceso;2022
10;Engativá;69016;56.7;39110;Exceso;2022
11;Suba;91217;57.3;52298;Exceso;2022
12;Barrios Unidos;13205;56.3;7437;Exceso;2022
13;Teusaquillo;19571;55.0;10762;Exceso;2022
14;Los Mártires;11289;57.8;6523;Exceso;2022
15;Antonio Nariño;7939;60.6;4813;Exceso;2022
16;Puente Aranda;20054;58.9;11808;Exceso;2022
17;La Candelaria;4993;59.3;2960;Exceso;2022
18;Rafael Uribe Uribe;36625;61.3;22462;Exceso;2022
19;Ciudad Bolívar;71467;59.3;42348;Exceso;2022
20;Sumapaz;505;60.8;307;Exceso;2022
99;Localidad Desconocida;194529;55.8;108526;Exceso;2022
0;Distrito;847736;58.1;492723;Exceso;2022
1;Usaquén;27350;1.7;462;Delgadez;2022
2;Chapinero;18359;1.6;299;Delgadez;2022
3;Santa Fe;20481;1.7;345;Delgadez;2022
4;San Cristóbal;37454;1.6;584;Delgadez;2022
5;Usme;36545;2.0;722;Delgadez;2022
6;Tunjuelito;18123;2.2;392;Delgadez;2022
7;Bosa;48433;1.7;820;Delgadez;2022
8;Kennedy;65227;1.6;1018;Delgadez;2022
9;Fontibón;35354;1.4;495;Delgadez;2022
10;Engativá;69016;1.7;1200;Delgadez;2022
11;Suba;91217;1.8;1599;Delgadez;2022
12;Barrios Unidos;13205;1.6;213;Delgadez;2022
13;Teusaquillo;19571;1.7;334;Delgadez;2022
14;Los Mártires;11289;1.6;183;Delgadez;2022
15;Antonio Nariño;7939;1.5;122;Delgadez;2022
16;Puente Aranda;20054;1.6;327;Delgadez;2022
17;La Candelaria;4993;1.7;87;Delgadez;2022
18;Rafael Uribe Uribe;36625;1.5;544;Delgadez;2022
19;Ciudad Bolívar;71467;2.0;1416;Delgadez;2022
20;Sumapaz;505;1.0;5;Delgadez;2022
99;Localidad Desconocida;194529;1.7;3397;Delgadez;2022
0;Distrito;847736;1.7;14564;Delgadez;2022
1;Usaquén;36438;55.0;20025;Exceso;2023
2;Chapinero;18664;56.0;10454;Exceso;2023
3;Santa Fe;23045;57.7;13286;Exceso;2023
4;San Cristóbal;48059;60.7;29172;Exceso;2023
5;Usme;51999;58.5;30422;Exceso;2023
6;Tunjuelito;24782;57.9;14342;Exceso;2023
7;Bosa;84546;57.9;48965;Exceso;2023
8;Kennedy;135352;57.5;77768;Exceso;2023
9;Fontibón;40787;57.2;23339;Exceso;2023
10;Engativá;96876;56.6;54802;Exceso;2023
11;Suba;113900;55.4;63071;Exceso;2023
12;Barrios Unidos;13857;55.8;7727;Exceso;2023
13;Teusaquillo;20275;55.0;11151;Exceso;2023
14;Los Mártires;13187;58.9;7772;Exceso;2023
15;Antonio Nariño;12816;59.9;7672;Exceso;2023
16;Puente Aranda;29100;56.6;16477;Exceso;2023
17;La Candelaria;6184;58.1;3594;Exceso;2023
18;Rafael Uribe Uribe;48357;60.2;29090;Exceso;2023
19;Ciudad Bolívar;96357;58.3;56133;Exceso;2023
20;Sumapaz;627;58.5;367;Exceso;2023
99;Localidad Desconocida;136368;55.3;75371;Exceso;2023
0;Distrito;1051576;57.2;601000;Exceso;2023
1;Usaquén;36438;1.7;613;Delgadez;2023
2;Chapinero;18664;1.7;319;Delgadez;2023
3;Santa Fe;23045;1.9;437;Delgadez;2023
4;San Cristóbal;48059;1.7;831;Delgadez;2023
5;Usme;51999;1.9;968;Delgadez;2023
6;Tunjuelito;24782;2.1;527;Delgadez;2023
7;Bosa;84546;2.1;1741;Delgadez;2023
8;Kennedy;135352;2.0;2718;Delgadez;2023
9;Fontibón;40787;1.8;752;Delgadez;2023
10;Engativá;96876;1.7;1694;Delgadez;2023
11;Suba;113900;1.9;2138;Delgadez;2023
12;Barrios Unidos;13857;1.7;233;Delgadez;2023
13;Teusaquillo;20275;1.7;346;Delgadez;2023
14;Los Mártires;13187;1.9;250;Delgadez;2023
15;Antonio Nariño;12816;1.7;223;Delgadez;2023
16;Puente Aranda;29100;1.8;536;Delgadez;2023
17;La Candelaria;6184;2.1;131;Delgadez;2023
18;Rafael Uribe Uribe;48357;1.8;868;Delgadez;2023
19;Ciudad Bolívar;96357;2.0;1956;Delgadez;2023
20;Sumapaz;627;1.8;11;Delgadez;2023
99;Localidad Desconocida;136368;1.9;2592;Delgadez;2023
0;Distrito;1051576;1.9;19884;Delgadez;2023
1;Usaquén;36346;57.4;20865;Exceso;2024
2;Chapinero;19201;55.4;10638;Exceso;2024
3;Santa Fe;30660;58.0;17783;Exceso;2024
4;San Cristóbal;72724;59.5;43270;Exceso;2024
5;Usme;60733;59.6;36219;Exceso;2024
6;Tunjuelito;29915;58.4;17461;Exceso;2024
7;Bosa;95563;59.0;56360;Exceso;2024
8;Kennedy;143504;58.8;84363;Exceso;2024
9;Fontibón;40483;59.7;24168;Exceso;2024
10;Engativá;110334;58.0;63954;Exceso;2024
11;Suba;130096;57.0;74156;Exceso;2024
12;Barrios Unidos;16469;57.2;9413;Exceso;2024
13;Teusaquillo;22502;55.2;12421;Exceso;2024
14;Los Mártires;17706;58.0;10262;Exceso;2024
15;Antonio Nariño;18595;58.7;10916;Exceso;2024
16;Puente Aranda;36698;57.2;20989;Exceso;2024
17;La Candelaria;8282;58.8;4873;Exceso;2024
18;Rafael Uribe Uribe;70891;59.6;42267;Exceso;2024
19;Ciudad Bolívar;110971;59.7;66257;Exceso;2024
20;Sumapaz;401;65.6;263;Exceso;2024
99;Localidad Desconocida;39391;57.6;22683;Exceso;2024
0;Distrito;1111465;58.4;649581;Exceso;2024
1;Usaquén;36346;1.7;613;Delgadez;2024
2;Chapinero;19201;1.8;347;Delgadez;2024
3;Santa Fe;30660;2.1;651;Delgadez;2024
4;San Cristóbal;72724;2.0;1472;Delgadez;2024
5;Usme;60733;2.0;1210;Delgadez;2024
6;Tunjuelito;29915;1.9;561;Delgadez;2024
7;Bosa;95563;1.9;1829;Delgadez;2024
8;Kennedy;143504;1.9;2727;Delgadez;2024
9;Fontibón;40483;1.8;713;Delgadez;2024
10;Engativá;110334;1.8;1966;Delgadez;2024
11;Suba;130096;1.8;2361;Delgadez;2024
12;Barrios Unidos;16469;1.9;307;Delgadez;2024
13;Teusaquillo;22502;1.9;421;Delgadez;2024
14;Los Mártires;17706;2.1;369;Delgadez;2024
15;Antonio Nariño;18595;2.1;395;Delgadez;2024
16;Puente Aranda;36698;1.8;673;Delgadez;2024
17;La Candelaria;8282;2.1;177;Delgadez;2024
18;Rafael Uribe Uribe;70891;2.0;1405;Delgadez;2024
19;Ciudad Bolívar;110971;1.9;2067;Delgadez;2024
20;Sumapaz;401;0.7;3;Delgadez;2024
99;Localidad Desconocida;39391;1.9;742;Delgadez;2024
0;Distrito;1111465;1.9;21009;Delgadez;2024
1;Usaquén;36232;60.4;21875;Exceso;2025
2;Chapinero;22809;60.6;13828;Exceso;2025
3;Santa Fe;32905;61.2;20128;Exceso;2025
4;San Cristóbal;80482;62.6;50397;Exceso;2025
5;Usme;68495;63.4;43392;Exceso;2025
6;Tunjuelito;32971;62.5;20606;Exceso;2025
7;Bosa;98548;62.7;61777;Exceso;2025
8;Kennedy;138433;62.3;86256;Exceso;2025
9;Fontibón;36912;62.4;23036;Exceso;2025
10;Engativá;106140;61.4;65180;Exceso;2025
11;Suba;136822;60.0;82130;Exceso;2025
12;Barrios Unidos;17704;60.4;10698;Exceso;2025
13;Teusaquillo;23495;59.5;13979;Exceso;2025
14;Los Mártires;19012;60.3;11472;Exceso;2025
15;Antonio Nariño;20834;62.4;12995;Exceso;2025
16;Puente Aranda;39057;61.2;23913;Exceso;2025
17;La Candelaria;7758;62.4;4840;Exceso;2025
18;Rafael Uribe Uribe;78564;62.9;49451;Exceso;2025
19;Ciudad Bolívar;122810;63.5;77931;Exceso;2025
20;Sumapaz;555;63.2;351;Exceso;2025
99;Localidad Desconocida;64060;60.6;38820;Exceso;2025
0;Distrito;1184598;61.9;733055;Exceso;2025
1;Usaquén;36232;1.5;537;Delgadez;2025
2;Chapinero;22809;1.7;384;Delgadez;2025
3;Santa Fe;32905;1.8;583;Delgadez;2025
4;San Cristóbal;80482;1.7;1357;Delgadez;2025
5;Usme;68495;1.6;1104;Delgadez;2025
6;Tunjuelito;32971;1.7;563;Delgadez;2025
7;Bosa;98548;1.6;1604;Delgadez;2025
8;Kennedy;138433;1.7;2363;Delgadez;2025
9;Fontibón;36912;1.6;588;Delgadez;2025
10;Engativá;106140;1.6;1675;Delgadez;2025
11;Suba;136822;1.5;2100;Delgadez;2025
12;Barrios Unidos;17704;1.6;287;Delgadez;2025
13;Teusaquillo;23495;1.6;378;Delgadez;2025
14;Los Mártires;19012;2.0;375;Delgadez;2025
15;Antonio Nariño;20834;1.6;331;Delgadez;2025
16;Puente Aranda;39057;1.5;605;Delgadez;2025
17;La Candelaria;7758;1.7;133;Delgadez;2025
18;Rafael Uribe Uribe;78564;1.7;1312;Delgadez;2025
19;Ciudad Bolívar;122810;1.5;1901;Delgadez;2025
20;Sumapaz;555;0.7;4;Delgadez;2025
99;Localidad Desconocida;64060;1.6;1043;Delgadez;2025
0;Distrito;1184598;1.6;19227;Delgadez;2025
1;Usaquén;22812;62.4;14234;Exceso;2026
2;Chapinero;11486;62.2;7146;Exceso;2026
3;Santa Fe;19276;63.7;12275;Exceso;2026
4;San Cristóbal;55380;65.0;35977;Exceso;2026
5;Usme;47629;65.5;31189;Exceso;2026
6;Tunjuelito;23531;65.0;15290;Exceso;2026
7;Bosa;83430;65.7;54840;Exceso;2026
8;Kennedy;108608;64.9;70461;Exceso;2026
9;Fontibón;25772;64.9;16716;Exceso;2026
10;Engativá;60542;63.8;38639;Exceso;2026
11;Suba;71720;61.9;44394;Exceso;2026
12;Barrios Unidos;9401;63.4;5956;Exceso;2026
13;Teusaquillo;13220;61.8;8171;Exceso;2026
14;Los Mártires;11715;63.5;7443;Exceso;2026
15;Antonio Nariño;15816;63.8;10083;Exceso;2026
16;Puente Aranda;28220;63.7;17975;Exceso;2026
17;La Candelaria;4558;63.9;2911;Exceso;2026
18;Rafael Uribe Uribe;55106;65.3;35975;Exceso;2026
19;Ciudad Bolívar;88193;65.8;58023;Exceso;2026
20;Sumapaz;584;68.7;401;Exceso;2026
99;Localidad Desconocida;60032;63.4;38056;Exceso;2026
0;Distrito;817031;64.4;526155;Exceso;2026
1;Usaquén;22812;1.3;297;Delgadez;2026
2;Chapinero;11486;1.5;172;Delgadez;2026
3;Santa Fe;19276;1.6;312;Delgadez;2026
4;San Cristóbal;55380;1.5;855;Delgadez;2026
5;Usme;47629;1.6;771;Delgadez;2026
6;Tunjuelito;23531;1.7;402;Delgadez;2026
7;Bosa;83430;1.6;1355;Delgadez;2026
8;Kennedy;108608;1.7;1875;Delgadez;2026
9;Fontibón;25772;1.5;398;Delgadez;2026
10;Engativá;60542;1.9;1141;Delgadez;2026
11;Suba;71720;1.5;1092;Delgadez;2026
12;Barrios Unidos;9401;1.5;137;Delgadez;2026
13;Teusaquillo;13220;1.8;243;Delgadez;2026
14;Los Mártires;11715;1.9;223;Delgadez;2026
15;Antonio Nariño;15816;1.5;242;Delgadez;2026
16;Puente Aranda;28220;1.7;475;Delgadez;2026
17;La Candelaria;4558;1.6;71;Delgadez;2026
18;Rafael Uribe Uribe;55106;1.7;936;Delgadez;2026
19;Ciudad Bolívar;88193;1.5;1340;Delgadez;2026
20;Sumapaz;584;1.2;7;Delgadez;2026
99;Localidad Desconocida;60032;1.7;993;Delgadez;2026
0;Distrito;817031;1.6;13337;Delgadez;2026
