codigo_localidad,fecha,indicador,valor,tasa_100k
1,2025-03-01,Duplas,25.0,8.153467832938706
2,2025-03-01,Duplas,4.0,4.658963846440551
3,2025-03-01,Duplas,6.0,10.485294374639569
4,2025-03-01,Duplas,16.0,7.704902244052779
5,2025-03-01,Duplas,35.0,16.863162662067037
6,2025-03-01,Duplas,7.0,7.673503392784715
7,2025-03-01,Duplas,37.0,9.259838578489646
8,2025-03-01,Duplas,51.0,9.082393335304154
9,2025-03-01,Duplas,12.0,5.803044664100431
10,2025-03-01,Duplas,46.0,10.56174718850882
11,2025-03-01,Duplas,43.0,6.614133017905843
12,2025-03-01,Duplas,15.0,20.511698505380902
13,2025-03-01,Duplas,6.0,7.064475109499364
14,2025-03-01,Duplas,4.0,8.886321729278208
15,2025-03-01,Duplas,1.0,2.362055933484505
16,2025-03-01,Duplas,4.0,3.118251907980386
17,2025-03-01,Duplas,0.0,0.0
18,2025-03-01,Duplas,22.0,11.404872991187144
19,2025-03-01,Duplas,43.0,12.335337586634232
20,2025-03-01,Duplas,0.0,0.0
1,2025-03-01,DuplasPublico,35.0,11.414854966114188
2,2025-03-01,DuplasPublico,18.0,20.96533730898248
3,2025-03-01,DuplasPublico,13.0,22.718137811719064
4,2025-03-01,DuplasPublico,30.0,14.44669170759896
5,2025-03-01,DuplasPublico,7.0,3.3726325324134074
6,2025-03-01,DuplasPublico,2.0,2.192429540795633
7,2025-03-01,DuplasPublico,23.0,5.756115873115185
8,2025-03-01,DuplasPublico,35.0,6.233015034032262
9,2025-03-01,DuplasPublico,3.0,1.4507611660251079
10,2025-03-01,DuplasPublico,28.0,6.428889593005367
11,2025-03-01,DuplasPublico,31.0,4.768328454769328
12,2025-03-01,DuplasPublico,4.0,5.469786268101574
13,2025-03-01,DuplasPublico,8.0,9.419300145999152
14,2025-03-01,DuplasPublico,0.0,0.0
15,2025-03-01,DuplasPublico,6.0,14.17233560090703
16,2025-03-01,DuplasPublico,8.0,6.236503815960772
17,2025-03-01,DuplasPublico,0.0,0.0
18,2025-03-01,DuplasPublico,12.0,6.2208398133748055
19,2025-03-01,DuplasPublico,28.0,8.032312847110662
20,2025-03-01,DuplasPublico,0.0,0.0
1,2025-03-01,LineaPurpura,567.0,184.92065045104985
2,2025-03-01,LineaPurpura,172.0,200.33544539694373
3,2025-03-01,LineaPurpura,162.0,283.10294811526836
4,2025-03-01,LineaPurpura,462.0,222.479052297024
5,2025-03-01,LineaPurpura,528.0,254.39285387346845
6,2025-03-01,LineaPurpura,184.0,201.7035177531982
7,2025-03-01,LineaPurpura,1019.0,255.02095976975536
8,2025-03-01,LineaPurpura,1320.0,235.073709854931
9,2025-03-01,LineaPurpura,402.0,194.40199624736445
10,2025-03-01,LineaPurpura,941.0,216.0566109649304
11,2025-03-01,LineaPurpura,1281.0,197.0396371148229
12,2025-03-01,LineaPurpura,186.0,254.34506146672322
13,2025-03-01,LineaPurpura,201.0,236.6599161682287
14,2025-03-01,LineaPurpura,108.0,239.9306866905116
15,2025-03-01,LineaPurpura,82.0,193.6885865457294
16,2025-03-01,LineaPurpura,302.0,235.42801905251915
17,2025-03-01,LineaPurpura,33.0,409.0740052063964
18,2025-03-01,LineaPurpura,478.0,247.79678589942978
19,2025-03-01,LineaPurpura,718.0,205.97145086519484
20,2025-03-01,LineaPurpura,9.0,497.51243781094524
1,2025-06-01,DelitosSexuales,112.0,36.35407571385447
2,2025-06-01,DelitosSexuales,64.0,74.09722945827978
3,2025-06-01,DelitosSexuales,122.0,213.59665248524956
4,2025-06-01,DelitosSexuales,124.0,59.65668539758294
5,2025-06-01,DelitosSexuales,122.0,59.15323597292527
6,2025-06-01,DelitosSexuales,62.0,67.83444020175276
7,2025-06-01,DelitosSexuales,157.0,39.531065878395395
8,2025-06-01,DelitosSexuales,173.0,30.81367699785729
9,2025-06-01,DelitosSexuales,98.0,47.30209142818529
10,2025-06-01,DelitosSexuales,188.0,43.05813535370655
11,2025-06-01,DelitosSexuales,215.0,32.97197075769589
12,2025-06-01,DelitosSexuales,48.0,65.33278889342589
13,2025-06-01,DelitosSexuales,78.0,91.36163982430455
14,2025-06-01,DelitosSexuales,69.0,152.59072513766336
15,2025-06-01,DelitosSexuales,30.0,70.72135785007072
16,2025-06-01,DelitosSexuales,125.0,97.14245747103213
17,2025-06-01,DelitosSexuales,22.0,271.33695115934876
18,2025-06-01,DelitosSexuales,98.0,50.69603588037805
19,2025-06-01,DelitosSexuales,230.0,66.4799447349329
20,2025-06-01,DelitosSexuales,0.0,0.0
1,2025-06-01,Duplas,61.0,19.799987665581455
2,2025-06-01,Duplas,13.0,15.050999733713082
3,2025-06-01,Duplas,19.0,33.26505243622739
4,2025-06-01,Duplas,87.0,41.855900238626745
5,2025-06-01,Duplas,62.0,30.061480576404644
6,2025-06-01,Duplas,16.0,17.505661987549097
7,2025-06-01,Duplas,118.0,29.711246965927742
8,2025-06-01,Duplas,131.0,23.33289992323298
9,2025-06-01,Duplas,44.0,21.23767370245054
10,2025-06-01,Duplas,117.0,26.796818278636525
11,2025-06-01,Duplas,135.0,20.703330475762534
12,2025-06-01,Duplas,28.0,38.1107935211651
13,2025-06-01,Duplas,13.0,15.226939970717423
14,2025-06-01,Duplas,15.0,33.171896769057255
15,2025-06-01,Duplas,4.0,9.42951438000943
16,2025-06-01,Duplas,18.0,13.988513875828623
17,2025-06-01,Duplas,6.0,74.00098667982239
18,2025-06-01,Duplas,74.0,38.28068015457118
19,2025-06-01,Duplas,118.0,34.107102081400356
20,2025-06-01,Duplas,0.0,0.0
1,2025-06-01,DuplasPublico,54.0,17.52785793346555
2,2025-06-01,DuplasPublico,19.0,21.99761499542681
3,2025-06-01,DuplasPublico,20.0,35.01584466971305
4,2025-06-01,DuplasPublico,64.0,30.790547301978293
5,2025-06-01,DuplasPublico,29.0,14.061015108318301
6,2025-06-01,DuplasPublico,4.0,4.376415496887274
7,2025-06-01,DuplasPublico,41.0,10.323399369517267
8,2025-06-01,DuplasPublico,90.0,16.030236588480673
9,2025-06-01,DuplasPublico,44.0,21.23767370245054
10,2025-06-01,DuplasPublico,83.0,19.009708693391723
11,2025-06-01,DuplasPublico,107.0,16.409306377085862
12,2025-06-01,DuplasPublico,30.0,40.83299305839118
13,2025-06-01,DuplasPublico,19.0,22.25475841874085
14,2025-06-01,DuplasPublico,4.0,8.845839138415268
15,2025-06-01,DuplasPublico,24.0,56.57708628005658
16,2025-06-01,DuplasPublico,8.0,6.2171172781460555
17,2025-06-01,DuplasPublico,0.0,0.0
18,2025-06-01,DuplasPublico,44.0,22.761485497312595
19,2025-06-01,DuplasPublico,65.0,18.787810468567994
20,2025-06-01,DuplasPublico,0.0,0.0
1,2025-06-01,LineaPurpura,1114.0,361.5932173681596
2,2025-06-01,LineaPurpura,312.0,361.22399360911396
3,2025-06-01,LineaPurpura,292.0,511.23133217781043
4,2025-06-01,LineaPurpura,1013.0,487.3566315141252
5,2025-06-01,LineaPurpura,944.0,457.7102849052579
6,2025-06-01,LineaPurpura,377.0,412.4771605816256
7,2025-06-01,LineaPurpura,2044.0,514.6592271047145
8,2025-06-01,LineaPurpura,2606.0,464.1644061064515
9,2025-06-01,LineaPurpura,870.0,419.92673002572656
10,2025-06-01,LineaPurpura,1983.0,454.17171492766005
11,2025-06-01,LineaPurpura,2553.0,391.5229829971982
12,2025-06-01,LineaPurpura,338.0,460.0517217912073
13,2025-06-01,LineaPurpura,408.0,477.891654465593
14,2025-06-01,LineaPurpura,229.0,506.42429067427406
15,2025-06-01,LineaPurpura,203.0,478.54785478547853
16,2025-06-01,LineaPurpura,589.0,457.7352596035034
17,2025-06-01,LineaPurpura,70.0,863.3448445979279
18,2025-06-01,LineaPurpura,944.0,488.3373252150702
19,2025-06-01,LineaPurpura,1473.0,425.7606895415485
20,2025-06-01,LineaPurpura,35.0,1957.4944071588368
1,2025-06-01,RiesgoFeminicidio,39.0,12.659008507502897
2,2025-06-01,RiesgoFeminicidio,12.0,13.89323052342746
3,2025-06-01,RiesgoFeminicidio,31.0,54.274559238055225
4,2025-06-01,RiesgoFeminicidio,107.0,51.47794627049496
5,2025-06-01,RiesgoFeminicidio,71.0,34.425243885882736
6,2025-06-01,RiesgoFeminicidio,31.0,33.91722010087638
7,2025-06-01,RiesgoFeminicidio,134.0,33.73989062232473
8,2025-06-01,RiesgoFeminicidio,139.0,24.75780984220904
9,2025-06-01,RiesgoFeminicidio,38.0,18.34162728848001
10,2025-06-01,RiesgoFeminicidio,95.0,21.758100311713417
11,2025-06-01,RiesgoFeminicidio,111.0,17.02273839118253
12,2025-06-01,RiesgoFeminicidio,13.0,17.694296991969512
13,2025-06-01,RiesgoFeminicidio,10.0,11.71303074670571
14,2025-06-01,RiesgoFeminicidio,16.0,35.38335655366107
15,2025-06-01,RiesgoFeminicidio,11.0,25.93116454502593
16,2025-06-01,RiesgoFeminicidio,28.0,21.759910473511194
17,2025-06-01,RiesgoFeminicidio,17.0,209.66946225949678
18,2025-06-01,RiesgoFeminicidio,84.0,43.45374504032404
19,2025-06-01,RiesgoFeminicidio,174.0,50.29352340816663
20,2025-06-01,RiesgoFeminicidio,0.0,0.0
1,2025-09-01,DelitosSexuales,210.0,68.16389196347714
2,2025-09-01,DelitosSexuales,111.0,128.512382341704
3,2025-09-01,DelitosSexuales,186.0,325.6473554283313
4,2025-09-01,DelitosSexuales,255.0,122.68108690631975
5,2025-09-01,DelitosSexuales,223.0,108.12435755706834
6,2025-09-01,DelitosSexuales,92.0,100.6575564284073
7,2025-09-01,DelitosSexuales,301.0,75.78885878596823
8,2025-09-01,DelitosSexuales,366.0,65.18962879315472
9,2025-09-01,DelitosSexuales,150.0,72.4011603492632
10,2025-09-01,DelitosSexuales,394.0,90.23885813489565
11,2025-09-01,DelitosSexuales,393.0,60.269695384997604
12,2025-09-01,DelitosSexuales,104.0,141.5543759357561
13,2025-09-01,DelitosSexuales,138.0,161.63982430453882
14,2025-09-01,DelitosSexuales,131.0,289.7012317831
15,2025-09-01,DelitosSexuales,54.0,127.29844413012731
16,2025-09-01,DelitosSexuales,208.0,161.64504923179746
17,2025-09-01,DelitosSexuales,39.0,481.00641341884557
18,2025-09-01,DelitosSexuales,174.0,90.0113290120998
19,2025-09-01,DelitosSexuales,415.0,119.9529437608572
20,2025-09-01,DelitosSexuales,0.0,0.0
1,2025-09-01,Duplas,100.0,32.45899617308435
2,2025-09-01,Duplas,27.0,31.259768677711783
3,2025-09-01,Duplas,24.0,42.01901360365566
4,2025-09-01,Duplas,182.0,87.56061889000077
5,2025-09-01,Duplas,95.0,46.06194604449099
6,2025-09-01,Duplas,41.0,44.85825884309456
7,2025-09-01,Duplas,223.0,56.149220961032945
8,2025-09-01,Duplas,317.0,56.46205553942636
9,2025-09-01,Duplas,88.0,42.47534740490108
10,2025-09-01,Duplas,207.0,47.40975541604923
11,2025-09-01,Duplas,296.0,45.39396904315341
12,2025-09-01,Duplas,38.0,51.721791207295496
13,2025-09-01,Duplas,32.0,37.48169838945827
14,2025-09-01,Duplas,26.0,57.49795439969924
15,2025-09-01,Duplas,20.0,47.14757190004715
16,2025-09-01,Duplas,44.0,34.19414502980331
17,2025-09-01,Duplas,11.0,135.66847557967438
18,2025-09-01,Duplas,151.0,78.11327977486822
19,2025-09-01,Duplas,249.0,71.97176625651431
20,2025-09-01,Duplas,0.0,0.0
1,2025-09-01,DuplasPublico,121.0,39.275385369432065
2,2025-09-01,DuplasPublico,35.0,40.52192235999676
3,2025-09-01,DuplasPublico,35.0,61.27772817199783
4,2025-09-01,DuplasPublico,105.0,50.515741667308134
5,2025-09-01,DuplasPublico,54.0,26.182579856868568
6,2025-09-01,DuplasPublico,12.0,13.129246490661822
7,2025-09-01,DuplasPublico,91.0,22.91291079575784
8,2025-09-01,DuplasPublico,139.0,24.75780984220904
9,2025-09-01,DuplasPublico,98.0,47.30209142818529
10,2025-09-01,DuplasPublico,153.0,35.04199313360161
11,2025-09-01,DuplasPublico,199.0,30.51824270130922
12,2025-09-01,DuplasPublico,51.0,69.416088199265
13,2025-09-01,DuplasPublico,42.0,49.194729136163986
14,2025-09-01,DuplasPublico,8.0,17.691678276830537
15,2025-09-01,DuplasPublico,36.0,84.86562942008486
16,2025-09-01,DuplasPublico,22.0,17.097072514901654
17,2025-09-01,DuplasPublico,3.0,37.000493339911195
18,2025-09-01,DuplasPublico,66.0,34.142228245968894
19,2025-09-01,DuplasPublico,113.0,32.66188589151051
20,2025-09-01,DuplasPublico,0.0,0.0
1,2025-09-01,LineaPurpura,1693.0,549.530805210318
2,2025-09-01,LineaPurpura,495.0,573.0957590913828
3,2025-09-01,LineaPurpura,434.0,759.8438293327731
4,2025-09-01,LineaPurpura,1528.0,735.1243168347318
5,2025-09-01,LineaPurpura,1398.0,677.8379007389306
6,2025-09-01,LineaPurpura,581.0,635.6743509228767
7,2025-09-01,LineaPurpura,3031.0,763.1761826587034
8,2025-09-01,LineaPurpura,4027.0,717.2640304645741
9,2025-09-01,LineaPurpura,1364.0,658.3678847759667
10,2025-09-01,LineaPurpura,3047.0,697.8624384188503
11,2025-09-01,LineaPurpura,3912.0,599.936509786541
12,2025-09-01,LineaPurpura,461.0,627.4669933306111
13,2025-09-01,LineaPurpura,607.0,710.9809663250365
14,2025-09-01,LineaPurpura,348.0,769.5880050421283
15,2025-09-01,LineaPurpura,288.0,678.9250353606789
16,2025-09-01,LineaPurpura,899.0,698.648554131663
17,2025-09-01,LineaPurpura,109.0,1344.3512580167737
18,2025-09-01,LineaPurpura,1432.0,740.7828916398098
19,2025-09-01,LineaPurpura,2240.0,647.4568530706508
20,2025-09-01,LineaPurpura,52.0,2908.2774049217
1,2025-09-01,RiesgoFeminicidio,65.0,21.098347512504827
2,2025-09-01,RiesgoFeminicidio,20.0,23.155384205712433
3,2025-09-01,RiesgoFeminicidio,42.0,73.5332738063974
4,2025-09-01,RiesgoFeminicidio,199.0,95.73935801708875
5,2025-09-01,RiesgoFeminicidio,111.0,53.819747483563155
6,2025-09-01,RiesgoFeminicidio,45.0,49.23467433998183
7,2025-09-01,RiesgoFeminicidio,216.0,54.38668936135927
8,2025-09-01,RiesgoFeminicidio,237.0,42.21295634966577
9,2025-09-01,RiesgoFeminicidio,66.0,31.856510553675808
10,2025-09-01,RiesgoFeminicidio,153.0,35.04199313360161
11,2025-09-01,RiesgoFeminicidio,195.0,29.904810687212553
12,2025-09-01,RiesgoFeminicidio,23.0,31.305294678099905
13,2025-09-01,RiesgoFeminicidio,21.0,24.597364568081993
14,2025-09-01,RiesgoFeminicidio,28.0,61.920873968906875
15,2025-09-01,RiesgoFeminicidio,18.0,42.43281471004243
16,2025-09-01,RiesgoFeminicidio,59.0,45.85123992632716
17,2025-09-01,RiesgoFeminicidio,24.0,296.00394671928956
18,2025-09-01,RiesgoFeminicidio,135.0,69.83637595766365
19,2025-09-01,RiesgoFeminicidio,340.0,98.2747009125095
20,2025-09-01,RiesgoFeminicidio,0.0,0.0
1,2025-12-01,DelitosSexuales,208.0,67.51471204001545
2,2025-12-01,DelitosSexuales,110.0,127.35461313141839
3,2025-12-01,DelitosSexuales,186.0,325.6473554283313
4,2025-12-01,DelitosSexuales,253.0,121.71888230313294
5,2025-12-01,DelitosSexuales,219.0,106.18490719730028
6,2025-12-01,DelitosSexuales,91.0,99.56345255418549
7,2025-12-01,DelitosSexuales,355.0,89.38553112630805
8,2025-12-01,DelitosSexuales,368.0,65.54585627289875
9,2025-12-01,DelitosSexuales,151.0,72.88383475159162
10,2025-12-01,DelitosSexuales,392.0,89.78079286517536
11,2025-12-01,DelitosSexuales,390.0,59.809621374425106
12,2025-12-01,DelitosSexuales,104.0,141.5543759357561
13,2025-12-01,DelitosSexuales,134.0,156.95461200585652
14,2025-12-01,DelitosSexuales,129.0,285.2783122138924
15,2025-12-01,DelitosSexuales,54.0,127.29844413012731
16,2025-12-01,DelitosSexuales,206.0,160.09076991226092
17,2025-12-01,DelitosSexuales,39.0,481.00641341884557
18,2025-12-01,DelitosSexuales,169.0,87.42479656922336
19,2025-12-01,DelitosSexuales,421.0,121.687203188725
20,2025-12-01,DelitosSexuales,0.0,0.0
1,2025-12-01,Duplas,140.0,45.44259464231809
2,2025-12-01,Duplas,29.0,33.57530709828303
3,2025-12-01,Duplas,43.0,75.28406603988306
4,2025-12-01,Duplas,243.0,116.90785928719883
5,2025-12-01,Duplas,147.0,71.27480072147553
6,2025-12-01,Duplas,67.0,73.30495957286185
7,2025-12-01,Duplas,346.0,87.11941906958475
8,2025-12-01,Duplas,486.0,86.56327757779563
9,2025-12-01,Duplas,118.0,56.95557947475371
10,2025-12-01,Duplas,304.0,69.62592099748292
11,2025-12-01,Duplas,423.0,64.8704354907226
12,2025-12-01,Duplas,55.0,74.86048727371717
13,2025-12-01,Duplas,48.0,56.22254758418741
14,2025-12-01,Duplas,36.0,79.6125522457374
15,2025-12-01,Duplas,34.0,80.15087223008014
16,2025-12-01,Duplas,77.0,59.83975380215578
17,2025-12-01,Duplas,20.0,246.66995559940798
18,2025-12-01,Duplas,200.0,103.46129771505723
19,2025-12-01,Duplas,333.0,96.25139824666371
20,2025-12-01,Duplas,0.0,0.0
1,2025-12-01,DuplasPublico,151.0,49.01308422135737
2,2025-12-01,DuplasPublico,45.0,52.099614462852976
3,2025-12-01,DuplasPublico,54.0,94.54278060822523
4,2025-12-01,DuplasPublico,162.0,77.93857285813256
5,2025-12-01,DuplasPublico,78.0,37.81928201547681
6,2025-12-01,DuplasPublico,29.0,31.72901235243274
7,2025-12-01,DuplasPublico,152.0,38.27211473577134
8,2025-12-01,DuplasPublico,183.0,32.59481439657736
9,2025-12-01,DuplasPublico,128.0,61.78232349803793
10,2025-12-01,DuplasPublico,239.0,54.738799731573756
11,2025-12-01,DuplasPublico,293.0,44.93389503258091
12,2025-12-01,DuplasPublico,88.0,119.77677963794747
13,2025-12-01,DuplasPublico,63.0,73.79209370424597
14,2025-12-01,DuplasPublico,12.0,26.5375174152458
15,2025-12-01,DuplasPublico,43.0,101.36727958510137
16,2025-12-01,DuplasPublico,35.0,27.199888091888994
17,2025-12-01,DuplasPublico,11.0,135.66847557967438
18,2025-12-01,DuplasPublico,91.0,47.07489046035104
19,2025-12-01,DuplasPublico,178.0,51.449696360078505
20,2025-12-01,DuplasPublico,0.0,0.0
1,2025-12-01,LineaPurpura,2127.0,690.4028486015042
2,2025-12-01,LineaPurpura,629.0,728.236833269656
3,2025-12-01,LineaPurpura,579.0,1013.7087031881927
4,2025-12-01,LineaPurpura,1949.0,937.6683858055577
5,2025-12-01,LineaPurpura,1776.0,861.1159597370105
6,2025-12-01,LineaPurpura,747.0,817.2955940436984
7,2025-12-01,LineaPurpura,3803.0,957.5582390798578
8,2025-12-01,LineaPurpura,5221.0,929.931835871751
9,2025-12-01,LineaPurpura,1729.0,834.5440416258406
10,2025-12-01,LineaPurpura,3900.0,893.2272759545508
11,2025-12-01,LineaPurpura,5065.0,776.7582878499054
12,2025-12-01,LineaPurpura,592.0,805.7710630189193
13,2025-12-01,LineaPurpura,747.0,874.9633967789166
14,2025-12-01,LineaPurpura,430.0,950.9277073796413
15,2025-12-01,LineaPurpura,367.0,865.1579443658651
16,2025-12-01,LineaPurpura,1139.0,885.1620724760447
17,2025-12-01,LineaPurpura,113.0,1393.685249136655
18,2025-12-01,LineaPurpura,1834.0,948.740100047075
19,2025-12-01,LineaPurpura,2887.0,834.4678280423968
20,2025-12-01,LineaPurpura,59.0,3299.7762863534676
1,2025-12-01,RiesgoFeminicidio,94.0,30.51145640269929
2,2025-12-01,RiesgoFeminicidio,23.0,26.628691836569296
3,2025-12-01,RiesgoFeminicidio,58.0,101.54594954216783
4,2025-12-01,RiesgoFeminicidio,265.0,127.49210992225386
5,2025-12-01,RiesgoFeminicidio,163.0,79.0326021605477
6,2025-12-01,RiesgoFeminicidio,61.0,66.74033632753094
7,2025-12-01,RiesgoFeminicidio,293.0,73.77453695776974
8,2025-12-01,RiesgoFeminicidio,315.0,56.105828059682345
9,2025-12-01,RiesgoFeminicidio,98.0,47.30209142818529
10,2025-12-01,RiesgoFeminicidio,199.0,45.577494337168105
11,2025-12-01,RiesgoFeminicidio,258.0,39.56636490923506
12,2025-12-01,RiesgoFeminicidio,34.0,46.27739213284334
13,2025-12-01,RiesgoFeminicidio,33.0,38.65300146412885
14,2025-12-01,RiesgoFeminicidio,51.0,112.78444901479466
15,2025-12-01,RiesgoFeminicidio,30.0,70.72135785007072
16,2025-12-01,RiesgoFeminicidio,81.0,62.94831244122881
17,2025-12-01,RiesgoFeminicidio,31.0,382.3384311790824
18,2025-12-01,RiesgoFeminicidio,181.0,93.6324744321268
19,2025-12-01,RiesgoFeminicidio,498.0,143.94353251302863
20,2025-12-01,RiesgoFeminicidio,0.0,0.0
1,2026-03-01,DelitosSexuales,26.0,8.479606546256255
2,2026-03-01,DelitosSexuales,13.0,15.141632500931793
3,2026-03-01,DelitosSexuales,20.0,34.95098124879856
4,2026-03-01,DelitosSexuales,40.0,19.262255610131948
5,2026-03-01,DelitosSexuales,24.0,11.563311539703111
6,2026-03-01,DelitosSexuales,15.0,16.443221555967245
7,2026-03-01,DelitosSexuales,31.0,7.758243133329162
8,2026-03-01,DelitosSexuales,42.0,7.479618040838714
9,2026-03-01,DelitosSexuales,27.0,13.056850494225971
10,2026-03-01,DelitosSexuales,48.0,11.020953588009203
11,2026-03-01,DelitosSexuales,35.0,5.383596642481499
12,2026-03-01,DelitosSexuales,14.0,19.14425193835551
13,2026-03-01,DelitosSexuales,16.0,18.838600291998304
14,2026-03-01,DelitosSexuales,9.0,19.99422389087597
15,2026-03-01,DelitosSexuales,6.0,14.17233560090703
16,2026-03-01,DelitosSexuales,27.0,21.048200378867605
17,2026-03-01,DelitosSexuales,4.0,49.584727903805636
18,2026-03-01,DelitosSexuales,21.0,10.88646967340591
19,2026-03-01,DelitosSexuales,48.0,13.76967916647542
20,2026-03-01,DelitosSexuales,0.0,0.0
1,2026-03-01,Duplas,48.0,15.654658239242313
2,2026-03-01,Duplas,6.0,6.988445769660827
3,2026-03-01,Duplas,18.0,31.455883123918706
4,2026-03-01,Duplas,30.0,14.44669170759896
5,2026-03-01,Duplas,31.0,14.935944072116518
6,2026-03-01,Duplas,20.0,21.924295407956325
7,2026-03-01,Duplas,65.0,16.267283989238567
8,2026-03-01,Duplas,82.0,14.603063794018444
9,2026-03-01,Duplas,31.0,14.991198715592782
10,2026-03-01,Duplas,71.0,16.30182718226361
11,2026-03-01,Duplas,75.0,11.536278519603213
12,2026-03-01,Duplas,5.0,6.837232835126968
13,2026-03-01,Duplas,20.0,23.54825036499788
14,2026-03-01,Duplas,2.0,4.443160864639104
15,2026-03-01,Duplas,3.0,7.086167800453515
16,2026-03-01,Duplas,8.0,6.236503815960772
17,2026-03-01,Duplas,4.0,49.584727903805636
18,2026-03-01,Duplas,46.0,23.846552617936755
19,2026-03-01,Duplas,58.0,16.6383623261578
20,2026-03-01,Duplas,1.0,55.2791597567717
1,2026-03-01,DuplasPublico,38.0,12.393271106066832
2,2026-03-01,DuplasPublico,9.0,10.48266865449124
3,2026-03-01,DuplasPublico,9.0,15.727941561959353
4,2026-03-01,DuplasPublico,38.0,18.29914282962535
5,2026-03-01,DuplasPublico,9.0,4.336241827388667
6,2026-03-01,DuplasPublico,16.0,17.539436326365063
7,2026-03-01,DuplasPublico,80.0,20.021272602139774
8,2026-03-01,DuplasPublico,73.0,13.000288499553003
9,2026-03-01,DuplasPublico,41.0,19.827069269009808
10,2026-03-01,DuplasPublico,51.0,11.709763187259778
11,2026-03-01,DuplasPublico,47.0,7.2294012056180135
12,2026-03-01,DuplasPublico,19.0,25.981484773482475
13,2026-03-01,DuplasPublico,16.0,18.838600291998304
14,2026-03-01,DuplasPublico,7.0,15.551063026236864
15,2026-03-01,DuplasPublico,12.0,28.34467120181406
16,2026-03-01,DuplasPublico,10.0,7.795629769950965
17,2026-03-01,DuplasPublico,9.0,111.56563778356265
18,2026-03-01,DuplasPublico,22.0,11.404872991187144
19,2026-03-01,DuplasPublico,44.0,12.622205902602468
20,2026-03-01,DuplasPublico,0.0,0.0
1,2026-03-01,LineaPurpura,428.0,139.58736929991065
2,2026-03-01,LineaPurpura,128.0,149.08684308609764
3,2026-03-01,LineaPurpura,118.0,206.21078936791153
4,2026-03-01,LineaPurpura,448.0,215.7372628334778
5,2026-03-01,LineaPurpura,423.0,203.80336588726732
6,2026-03-01,LineaPurpura,188.0,206.08837683478947
7,2026-03-01,LineaPurpura,813.0,203.46618281924543
8,2026-03-01,LineaPurpura,1231.0,219.22404305410615
9,2026-03-01,LineaPurpura,375.0,181.34514575313847
10,2026-03-01,LineaPurpura,945.0,216.97502376393118
11,2026-03-01,LineaPurpura,1228.0,188.88733362763662
12,2026-03-01,LineaPurpura,120.0,164.09358804304722
13,2026-03-01,LineaPurpura,145.0,170.72481514623462
14,2026-03-01,LineaPurpura,98.0,217.7148823673161
15,2026-03-01,LineaPurpura,104.0,245.65381708238854
16,2026-03-01,LineaPurpura,285.0,222.1754484436025
17,2026-03-01,LineaPurpura,19.0,235.52745754307674
18,2026-03-01,LineaPurpura,406.0,210.47174701918095
19,2026-03-01,LineaPurpura,747.0,214.29063202827373
20,2026-03-01,LineaPurpura,3.0,165.8374792703151
1,2026-03-01,RiesgoFeminicidio,33.0,10.762577539479091
2,2026-03-01,RiesgoFeminicidio,9.0,10.48266865449124
3,2026-03-01,RiesgoFeminicidio,11.0,19.223039686839208
4,2026-03-01,RiesgoFeminicidio,54.0,26.004045073678128
5,2026-03-01,RiesgoFeminicidio,53.0,25.535646316844375
6,2026-03-01,RiesgoFeminicidio,15.0,16.443221555967245
7,2026-03-01,RiesgoFeminicidio,93.0,23.274729399987486
8,2026-03-01,RiesgoFeminicidio,115.0,20.479906540391717
9,2026-03-01,RiesgoFeminicidio,23.0,11.12250227285916
10,2026-03-01,RiesgoFeminicidio,51.0,11.709763187259778
11,2026-03-01,RiesgoFeminicidio,65.0,9.998108050322786
12,2026-03-01,RiesgoFeminicidio,12.0,16.409358804304723
13,2026-03-01,RiesgoFeminicidio,11.0,12.951537700748835
14,2026-03-01,RiesgoFeminicidio,18.0,39.98844778175194
15,2026-03-01,RiesgoFeminicidio,10.0,23.62055933484505
16,2026-03-01,RiesgoFeminicidio,21.0,16.37082251689703
17,2026-03-01,RiesgoFeminicidio,4.0,49.584727903805636
18,2026-03-01,RiesgoFeminicidio,56.0,29.030585795749094
19,2026-03-01,RiesgoFeminicidio,130.0,37.29288107587093
20,2026-03-01,RiesgoFeminicidio,0.0,0.0
